date,region_id,revenue actual,cogs actual,gross profit actual,payroll actual,marketing actual,it actual,travel actual,opex actual,ebitda actual,ebitda margin actual,revenue budget,cogs budget,gross profit budget,payroll budget,marketing budget,it budget,travel budget,opex budget,ebitda budget,ebitda margin budget,revenue variance,revenue variance pct,ebitda margin variance pp,cogs variance,cogs variance pct,gross profit variance,gross profit variance pct,payroll variance,payroll variance pct,marketing variance,marketing variance pct,it variance,it variance pct,travel variance,travel variance pct,opex variance,opex variance pct,ebitda variance,ebitda variance pct,ebitda margin variance,ebitda margin variance pct
2024-01-01,APAC,645985.0857432148,-303612.9902993109,949598.0760425257,-70833.33333333331,-18333.33333333333,-9166.666666666666,-6250,-104583.33333333331,845014.7427091924,1.3081025574096516,671824.4891729434,-297540.7304933247,969365.2196662681,-68708.33333333331,-17783.333333333332,-8891.666666666666,-6062.5,-101445.83333333331,867919.3863329347,1.2918841160455403,-25839.403429728583,-0.03846153846153845,1.6218441364111325,-6072.259805986192,0.020408163265306034,-19767.14362374239,-0.020391843262694942,-2125.0,0.0309278350515464,-549.9999999999964,0.030927835051546188,-275.0,0.030927835051546393,-187.5,0.030927835051546393,-3137.5,0.030927835051546396,-22904.643623742275,-0.026390289218584214,0.016218441364111325,0.01255409921267242
2024-01-01,EU,761369.223512045,-357843.53505066107,1119212.758562706,-70833.33333333331,-18333.33333333333,-9166.666666666666,-6250,-104583.33333333331,1014629.4252293727,1.332637823931323,791823.9924525269,-350686.6643496479,1142510.6568021749,-68708.33333333331,-17783.333333333332,-8891.666666666666,-6062.5,-101445.83333333331,1041064.8234688416,1.3147679703974842,-30454.76894048194,-0.03846153846153863,1.7869853533838853,-7156.870701013191,0.020408163265306034,-23297.898239468923,-0.020391843262695223,-2125.0,0.0309278350515464,-549.9999999999964,0.030927835051546188,-275.0,0.030927835051546393,-187.5,0.030927835051546393,-3137.5,0.030927835051546396,-26435.398239468923,-0.0253926534097904,0.017869853533838853,0.013591640453818167
2024-01-01,OTHER,537595.821437765,-252670.0360757496,790265.8575135146,-70833.33333333331,-18333.33333333333,-9166.666666666666,-6250,-104583.33333333331,685682.5241801813,1.2754610375251207,559099.6542952758,-247616.6353542346,806716.2896495104,-68708.33333333331,-17783.333333333332,-8891.666666666666,-6062.5,-101445.83333333331,705270.456316177,1.2614396215378527,-21503.832857510773,-0.038461538461538755,1.4021415987268027,-5053.400721515005,0.020408163265306176,-16450.432135995827,-0.020391843262695185,-2125.0,0.0309278350515464,-549.9999999999964,0.030927835051546188,-275.0,0.030927835051546393,-187.5,0.030927835051546393,-3137.5,0.030927835051546396,-19587.93213599571,-0.02777364620986523,0.014021415987268027,0.011115407941740539
2024-02-01,APAC,776667.833964932,-365033.8819635181,1141701.7159284502,-70833.33333333331,-18333.33333333333,-9166.666666666666,-6250,-104583.33333333331,1037118.382595117,1.3353435500226276,807734.5473235294,-357733.2043242477,1165467.7516477772,-68708.33333333331,-17783.333333333332,-8891.666666666666,-6062.5,-101445.83333333331,1064021.918314444,1.317291580309566,-31066.713358597364,-0.03846153846153856,1.8051969713061666,-7300.677639270376,0.020408163265306162,-23766.03571932693,-0.020391843262694928,-2125.0,0.0309278350515464,-549.9999999999964,0.030927835051546188,-275.0,0.030927835051546393,-187.5,0.030927835051546393,-3137.5,0.030927835051546396,-26903.53571932693,-0.02528475706773579,0.018051969713061666,0.013703852649554945
2024-02-01,EU,809839.5243213227,-380624.57643102156,1190464.1007523444,-70833.33333333331,-18333.33333333333,-9166.666666666666,-6250,-104583.33333333331,1085880.767419011,1.3408591885275318,842233.1052941754,-373012.0849024011,1215245.1901965765,-68708.33333333331,-17783.333333333332,-8891.666666666666,-6062.5,-101445.83333333331,1113799.3568632433,1.3224359739151017,-32393.580972852767,-0.038461538461538304,1.8423214612430128,-7612.491528620478,0.02040816326530625,-24781.089444232173,-0.02039184326269468,-2125.0,0.0309278350515464,-549.9999999999964,0.030927835051546188,-275.0,0.030927835051546393,-187.5,0.030927835051546393,-3137.5,0.030927835051546396,-27918.589444232173,-0.02506608508273733,0.018423214612430128,0.013931271513952985
2024-02-01,OTHER,885044.7685060815,-415971.0411978583,1301015.8097039398,-70833.33333333331,-18333.33333333333,-9166.666666666666,-6250,-104583.33333333331,1196432.4763706066,1.351832719592405,920446.5592463248,-407651.6203739011,1328098.179620226,-68708.33333333331,-17783.333333333332,-8891.666666666666,-6062.5,-101445.83333333331,1226652.3462868927,1.3326709019275313,-35401.790740243276,-0.03846153846153848,1.916181766487357,-8319.420823957189,0.02040816326530618,-27082.369916286087,-0.020391843262694918,-2125.0,0.0309278350515464,-549.9999999999964,0.030927835051546188,-275.0,0.030927835051546393,-187.5,0.030927835051546393,-3137.5,0.030927835051546396,-30219.869916286087,-0.024636051125457338,0.01916181766487357,0.01437850682952449
2024-03-01,APAC,652042.3681506988,-306459.9130308284,958502.2811815273,-70833.33333333331,-18333.33333333333,-9166.666666666666,-6250,-104583.33333333331,853918.947848194,1.3096065371795562,678124.0628767268,-300330.71477021184,978454.7776469387,-68708.33333333331,-17783.333333333332,-8891.666666666666,-6062.5,-101445.83333333331,877008.9443136053,1.293286866407855,-26081.694726028014,-0.03846153846153855,1.6319670771701267,-6129.198260616569,0.020408163265306128,-19952.496465411386,-0.020391843262694925,-2125.0,0.0309278350515464,-549.9999999999964,0.030927835051546188,-275.0,0.030927835051546393,-187.5,0.030927835051546393,-3137.5,0.030927835051546396,-23089.99646541127,-0.02632811970176969,0.016319670771701267,0.01261875551015968
2024-03-01,EU,705646.9282537507,-331654.0562792628,1037300.9845330135,-70833.33333333331,-18333.33333333333,-9166.666666666666,-6250,-104583.33333333331,932717.6511996803,1.3217908473120639,733872.8053839008,-325020.97515367763,1058893.7805375783,-68708.33333333331,-17783.333333333332,-8891.666666666666,-6062.5,-101445.83333333331,957447.947204245,1.3046510787429826,-28225.877130150096,-0.038461538461538554,1.7139768569081282,-6633.081125585188,0.020408163265305906,-21592.796004564734,-0.020391843262694886,-2125.0,0.0309278350515464,-549.9999999999964,0.030927835051546188,-275.0,0.030927835051546393,-187.5,0.030927835051546393,-3137.5,0.030927835051546396,-24730.296004564734,-0.025829389552484164,0.017139768569081282,0.013137434865416481
2024-03-01,OTHER,652388.5908307035,-306622.63769043057,959011.228521134,-70833.33333333331,-18333.33333333333,-9166.666666666666,-6250,-104583.33333333331,854427.8951878008,1.30969165800376,678484.1344639317,-300490.184936622,978974.3194005536,-68708.33333333331,-17783.333333333332,-8891.666666666666,-6062.5,-101445.83333333331,877528.4860672203,1.2933662579458147,-26095.543633228168,-0.0384615384615385,1.632540005794536,-6132.452753808582,0.020408163265306024,-19963.090879419586,-0.020391843262694984,-2125.0,0.0309278350515464,-549.9999999999964,0.030927835051546188,-275.0,0.030927835051546393,-187.5,0.030927835051546393,-3137.5,0.030927835051546396,-23100.590879419586,-0.026324605122448455,0.01632540005794536,0.012622410672653647
2024-04-01,APAC,820355.7688657512,-385567.21136690315,1205922.9802326544,-70833.33333333331,-18333.33333333333,-9166.666666666666,-6250,-104583.33333333331,1101339.6468993211,1.3425146609526093,853169.9996203814,-377855.867139565,1231025.8667599463,-68708.33333333331,-17783.333333333332,-8891.666666666666,-6062.5,-101445.83333333331,1129580.033426613,1.3239800203115681,-32814.230754630174,-0.0384615384615386,1.8534640641041156,-7711.3442273381515,0.02040816326530636,-25102.886527291965,-0.020391843262694904,-2125.0,0.0309278350515464,-549.9999999999964,0.030927835051546188,-275.0,0.030927835051546393,-187.5,0.030927835051546393,-3137.5,0.030927835051546396,-28240.386527291965,-0.02500078408930791,0.018534640641041156,0.01399918454711987
2024-04-01,EU,765230.9992429641,-359658.56964419305,1124889.5688871571,-70833.33333333331,-18333.33333333333,-9166.666666666666,-6250,-104583.33333333331,1020306.2355538239,1.3333310288830476,795840.2392126827,-352465.39825130923,1148305.637463992,-68708.33333333331,-17783.333333333332,-8891.666666666666,-6062.5,-101445.83333333331,1046859.8041306587,1.3154145173236118,-30609.23996971862,-0.038461538461538526,1.7916511559435744,-7193.171392883814,0.02040816326530599,-23416.068576834863,-0.02039184326269506,-2125.0,0.0309278350515464,-549.9999999999964,0.030927835051546188,-275.0,0.030927835051546393,-187.5,0.030927835051546393,-3137.5,0.030927835051546396,-26553.568576834863,-0.025364971003816197,0.017916511559435744,0.013620430156031198
2024-04-01,OTHER,917400.656064412,-431178.3083502735,1348578.9644146855,-70833.33333333331,-18333.33333333333,-9166.666666666666,-6250,-104583.33333333331,1243995.6310813522,1.3560003722016192,954096.6823069884,-422554.7421832681,1376651.4244902565,-68708.33333333331,-17783.333333333332,-8891.666666666666,-6062.5,-101445.83333333331,1275205.5911569232,1.3365580394572794,-36696.02624257642,-0.03846153846153841,1.9442332744339819,-8623.566167005396,0.020408163265305944,-28072.46007557097,-0.020391843262694897,-2125.0,0.0309278350515464,-549.9999999999964,0.030927835051546188,-275.0,0.030927835051546393,-187.5,0.030927835051546393,-3137.5,0.030927835051546396,-31209.96007557097,-0.024474453603403595,0.01944233274433982,0.014546568252460283
2024-05-01,APAC,1220484.2697113322,-573627.6067643261,1794111.8764756583,-70833.33333333331,-18333.33333333333,-9166.666666666666,-6250,-104583.33333333331,1689528.543142325,1.3843099702890318,1269303.6404997855,-562155.0546290396,1831458.695128825,-68708.33333333331,-17783.333333333332,-8891.666666666666,-6062.5,-101445.83333333331,1730012.8617954918,1.36296218382727,-48819.37078845338,-0.03846153846153853,2.134778646176172,-11472.552135286503,0.02040816326530609,-37346.81865316676,-0.02039184326269492,-2125.0,0.0309278350515464,-549.9999999999964,0.030927835051546188,-275.0,0.030927835051546393,-187.5,0.030927835051546393,-3137.5,0.030927835051546396,-40484.31865316676,-0.023401166284480773,0.02134778646176172,0.01566278706413996
2024-05-01,EU,982212.1427120535,-461639.707074665,1443851.8497867184,-70833.33333333331,-18333.33333333333,-9166.666666666666,-6250,-104583.33333333331,1339268.5164533851,1.3635226629915598,1021500.6284205356,-452406.9129331717,1473907.5413537072,-68708.33333333331,-17783.333333333332,-8891.666666666666,-6062.5,-101445.83333333331,1372461.708020374,1.3435740222132817,-39288.4857084821,-0.03846153846153842,1.994864077827807,-9232.794141493272,0.02040816326530606,-30055.691566988826,-0.020391843262694918,-2125.0,0.0309278350515464,-549.9999999999964,0.030927835051546188,-275.0,0.030927835051546393,-187.5,0.030927835051546393,-3137.5,0.030927835051546396,-33193.191566988826,-0.024185149482142114,0.01994864077827807,0.014847444538572199
2024-05-01,OTHER,758965.7968726264,-356713.92453013436,1115679.7214027608,-70833.33333333331,-18333.33333333333,-9166.666666666666,-6250,-104583.33333333331,1011096.3880694276,1.332202837381768,789324.4287475316,-349579.64603953174,1138904.0747870633,-68708.33333333331,-17783.333333333332,-8891.666666666666,-6062.5,-101445.83333333331,1037458.24145373,1.3143622617887645,-30358.6318749052,-0.03846153846153864,1.784057559300356,-7134.278490602621,0.02040816326530593,-23224.353384302463,-0.020391843262695004,-2125.0,0.0309278350515464,-549.9999999999964,0.030927835051546188,-275.0,0.030927835051546393,-187.5,0.030927835051546393,-3137.5,0.030927835051546396,-26361.853384302463,-0.02541003804390539,0.01784057559300356,0.013573560434338444
2024-06-01,APAC,626404.0957740407,-294409.92501379905,920814.0207878398,-70833.33333333331,-18333.33333333333,-9166.666666666666,-6250,-104583.33333333331,816230.6874545065,1.3030417472700258,651460.2596050022,-288521.7265135231,939981.9861185253,-68708.33333333331,-17783.333333333332,-8891.666666666666,-6062.5,-101445.83333333331,838536.152785192,1.28716393735762,-25056.163830961566,-0.03846153846153837,1.5877809912405727,-5888.198500275961,0.02040816326530605,-19167.96533068549,-0.02039184326269476,-2125.0,0.0309278350515464,-549.9999999999964,0.030927835051546188,-275.0,0.030927835051546393,-187.5,0.030927835051546393,-3137.5,0.030927835051546396,-22305.46533068549,-0.026600481394389544,0.015877809912405727,0.012335499349834803
2024-06-01,EU,726786.0286999977,-341589.43348899885,1068375.4621889966,-70833.33333333331,-18333.33333333333,-9166.666666666666,-6250,-104583.33333333331,963792.1288556634,1.3261016183533392,755857.4698479975,-334757.6448192189,1090615.1146672163,-68708.33333333331,-17783.333333333332,-8891.666666666666,-6062.5,-101445.83333333331,989169.2813338831,1.3086717017334026,-29071.441147999838,-0.03846153846153837,1.7429916619936536,-6831.788669779955,0.020408163265306055,-22239.65247821971,-0.020391843262694723,-2125.0,0.0309278350515464,-549.9999999999964,0.030927835051546188,-275.0,0.030927835051546393,-187.5,0.030927835051546393,-3137.5,0.030927835051546396,-25377.15247821971,-0.02565501472508216,0.017429916619936536,0.01331878468591452
2024-06-01,OTHER,848600.0617919997,-398842.02904223977,1247442.0908342395,-70833.33333333331,-18333.33333333333,-9166.666666666666,-6250,-104583.33333333331,1142858.7575009062,1.3467578061301535,882544.0642636798,-390865.1884613951,1273409.252725075,-68708.33333333331,-17783.333333333332,-8891.666666666666,-6062.5,-101445.83333333331,1171963.4193917417,1.3279375691790858,-33944.002471680054,-0.03846153846153853,1.8820236951067715,-7976.84058084467,0.020408163265305795,-25967.1618908355,-0.02039184326269516,-2125.0,0.0309278350515464,-549.9999999999964,0.030927835051546188,-275.0,0.030927835051546393,-187.5,0.030927835051546393,-3137.5,0.030927835051546396,-29104.6618908355,-0.024834104383514844,0.018820236951067715,0.014172531441144592
2024-07-01,APAC,864877.7434028364,-406492.53939933307,1271370.2828021694,-70833.33333333331,-18333.33333333333,-9166.666666666666,-6250,-104583.33333333331,1166786.9494688362,1.3490773214699072,899472.8531389498,-398362.6886113464,1297835.5417502963,-68708.33333333331,-17783.333333333332,-8891.666666666666,-6062.5,-101445.83333333331,1196389.708416963,1.3301009632940481,-34595.10973611346,-0.038461538461538464,1.8976358175859076,-8129.850787986652,0.0204081632653061,-26465.258948126808,-0.020391843262694935,-2125.0,0.0309278350515464,-549.9999999999964,0.030927835051546188,-275.0,0.030927835051546393,-187.5,0.030927835051546393,-3137.5,0.030927835051546396,-29602.758948126808,-0.024743408222139038,0.018976358175859076,0.014266855448975367
2024-07-01,EU,656319.5984278255,-308470.211261078,964789.8096889035,-70833.33333333331,-18333.33333333333,-9166.666666666666,-6250,-104583.33333333331,860206.4763555701,1.3106518202658333,682572.3823649385,-302300.8070358564,984873.1894007949,-68708.33333333331,-17783.333333333332,-8891.666666666666,-6062.5,-101445.83333333331,883427.3560674617,1.2942617939017869,-26252.78393711301,-0.03846153846153845,1.6390026364046406,-6169.404225221602,0.020408163265306263,-20083.379711891408,-0.02039184326269487,-2125.0,0.0309278350515464,-549.9999999999964,0.030927835051546188,-275.0,0.030927835051546393,-187.5,0.030927835051546393,-3137.5,0.030927835051546396,-23220.879711891524,-0.026284990556844717,0.016390026364046406,0.012663609820881523
2024-07-01,OTHER,746608.4129527928,-350905.9540878126,1097514.3670406055,-70833.33333333331,-18333.33333333333,-9166.666666666666,-6250,-104583.33333333331,992931.0337072723,1.3299221070658551,776472.7494709046,-343887.83500605635,1120360.5844769608,-68708.33333333331,-17783.333333333332,-8891.666666666666,-6062.5,-101445.83333333331,1018914.7511436276,1.3122350421671916,-29864.336518111755,-0.03846153846153851,1.7687064898663563,-7018.119081756275,0.020408163265306187,-22846.217436355306,-0.020391843262694786,-2125.0,0.0309278350515464,-549.9999999999964,0.030927835051546188,-275.0,0.030927835051546393,-187.5,0.030927835051546393,-3137.5,0.030927835051546396,-25983.717436355306,-0.025501365454952185,0.017687064898663563,0.013478579926849765
2024-08-01,APAC,905345.9824560295,-425512.611754334,1330858.5942103635,-70833.33333333331,-18333.33333333333,-9166.666666666666,-6250,-104583.33333333331,1226275.2608770302,1.3544824681834686,941559.8217542708,-417002.35951924726,1358562.1812735181,-68708.33333333331,-17783.333333333332,-8891.666666666666,-6062.5,-101445.83333333331,1257116.3479401849,1.3351423020557351,-36213.839298241306,-0.03846153846153859,1.9340166127733482,-8510.252235086751,0.020408163265306298,-27703.58706315467,-0.020391843262695043,-2125.0,0.0309278350515464,-549.9999999999964,0.030927835051546188,-275.0,0.030927835051546393,-187.5,0.030927835051546393,-3137.5,0.030927835051546396,-30841.08706315467,-0.0245332002194455,0.019340166127733482,0.014485471771776828
2024-08-01,EU,725229.9011808031,-340858.05355497746,1066087.9547357806,-70833.33333333331,-18333.33333333333,-9166.666666666666,-6250,-104583.33333333331,961504.6214024473,1.325792855254516,754239.0972280353,-334040.8924838779,1088279.9897119133,-68708.33333333331,-17783.333333333332,-8891.666666666666,-6062.5,-101445.83333333331,986834.15637858,1.3083837207662312,-29009.196047232253,-0.03846153846153863,1.7409134488284739,-6817.161071099574,0.020408163265306197,-22192.03497613268,-0.020391843262695015,-2125.0,0.0309278350515464,-549.9999999999964,0.030927835051546188,-275.0,0.030927835051546393,-187.5,0.030927835051546393,-3137.5,0.030927835051546396,-25329.53497613268,-0.025667468857265098,0.01740913448828474,0.013305832388444419
2024-08-01,OTHER,864070.2031647351,-406112.9954874255,1270183.1986521606,-70833.33333333331,-18333.33333333333,-9166.666666666666,-6250,-104583.33333333331,1165599.8653188273,1.3489643099018027,898633.0112913245,-397990.73557767697,1296623.7468690015,-68708.33333333331,-17783.333333333332,-8891.666666666666,-6062.5,-101445.83333333331,1195177.9135356683,1.3299955582737968,-34562.8081265894,-0.03846153846153846,1.896875162800593,-8122.259909748507,0.020408163265306117,-26440.54821684095,-0.020391843262694966,-2125.0,0.0309278350515464,-549.9999999999964,0.030927835051546188,-275.0,0.030927835051546393,-187.5,0.030927835051546393,-3137.5,0.030927835051546396,-29578.04821684095,-0.024747820288396116,0.01896875162800593,0.014262266900068073
2024-09-01,APAC,851151.9839037191,-400041.432434748,1251193.416338467,-70833.33333333331,-18333.33333333333,-9166.666666666666,-6250,-104583.33333333331,1146610.0830051338,1.3471273106200459,885198.063259868,-392040.60378605296,1277238.6670459209,-68708.33333333331,-17783.333333333332,-8891.666666666666,-6062.5,-101445.83333333331,1175792.8337125876,1.3282822031744659,-34046.07935614884,-0.03846153846153854,1.884510744557999,-8000.828648695024,0.02040816326530629,-26045.250707453815,-0.02039184326269493,-2125.0,0.0309278350515464,-549.9999999999964,0.030927835051546188,-275.0,0.030927835051546393,-187.5,0.030927835051546393,-3137.5,0.030927835051546396,-29182.750707453815,-0.024819636479080028,0.01884510744557999,0.014187578061756762
2024-09-01,EU,994745.049046068,-467530.17305165186,1462275.2220977198,-70833.33333333331,-18333.33333333333,-9166.666666666666,-6250,-104583.33333333331,1357691.8887643865,1.3648641831053838,1034534.8510079108,-458179.5695906189,1492714.4205985297,-68708.33333333331,-17783.333333333332,-8891.666666666666,-6062.5,-101445.83333333331,1391268.5872651965,1.34482524770406,-39789.80196184281,-0.03846153846153855,2.003893540132373,-9350.603461032966,0.020408163265305965,-30439.19850080996,-0.020391843262695105,-2125.0,0.0309278350515464,-549.9999999999964,0.030927835051546188,-275.0,0.030927835051546393,-187.5,0.030927835051546393,-3137.5,0.030927835051546396,-33576.69850080996,-0.02413387235804077,0.020038935401323732,0.014900772747637665
2024-09-01,OTHER,503185.72591120284,-236497.29117826532,739683.0170894682,-70833.33333333331,-18333.33333333333,-9166.666666666666,-6250,-104583.33333333331,635099.6837561349,1.2621575912274803,523313.1549476509,-231767.3453547,755080.5003023508,-68708.33333333331,-17783.333333333332,-8891.666666666666,-6062.5,-101445.83333333331,653634.6669690176,1.249031599510246,-20127.42903644807,-0.03846153846153838,1.3125991717234387,-4729.945823565329,0.02040816326530622,-15397.483212882653,-0.020391843262694723,-2125.0,0.0309278350515464,-549.9999999999964,0.030927835051546188,-275.0,0.030927835051546393,-187.5,0.030927835051546393,-3137.5,0.030927835051546396,-18534.983212882653,-0.028356793403923317,0.013125991717234387,0.010508934859919621
2024-10-01,APAC,410410.69046861294,-192893.0245202481,603303.714988861,-70833.33333333331,-18333.33333333333,-9166.666666666666,-6250,-104583.33333333331,498720.3816555277,1.215173954377459,426827.1180873575,-189035.1640298431,615862.2821172005,-68708.33333333331,-17783.333333333332,-8891.666666666666,-6062.5,-101445.83333333331,514416.44878386724,1.2052103228328221,-16416.42761874455,-0.03846153846153853,0.9963631544636753,-3857.8604904050007,0.020408163265306332,-12558.56712833955,-0.020391843262694914,-2125.0,0.0309278350515464,-549.9999999999964,0.030927835051546188,-275.0,0.030927835051546393,-187.5,0.030927835051546393,-3137.5,0.030927835051546396,-15696.06712833955,-0.03051237409971366,0.009963631544636753,0.008267130936297858
2024-10-01,EU,824207.7789319896,-387377.6560980351,1211585.4350300247,-70833.33333333331,-18333.33333333333,-9166.666666666666,-6250,-104583.33333333331,1107002.1016966915,1.3431104752871266,857176.0900892691,-379630.1029760743,1236806.1930653434,-68708.33333333331,-17783.333333333332,-8891.666666666666,-6062.5,-101445.83333333331,1135360.3597320102,1.3245357317581852,-32968.31115727953,-0.0384615384615384,1.8574743528941395,-7747.55312196078,0.020408163265306332,-25220.758035318693,-0.020391843262694772,-2125.0,0.0309278350515464,-549.9999999999964,0.030927835051546188,-275.0,0.030927835051546393,-187.5,0.030927835051546393,-3137.5,0.030927835051546396,-28358.258035318693,-0.024977319132413925,0.018574743528941395,0.014023588102289495
2024-10-01,OTHER,572695.690349206,-269166.97446412675,841862.6648133327,-70833.33333333331,-18333.33333333333,-9166.666666666666,-6250,-104583.33333333331,737279.3314799995,1.287384109753711,595603.517963174,-263783.63497484423,859387.1529380183,-68708.33333333331,-17783.333333333332,-8891.666666666666,-6062.5,-101445.83333333331,757941.3196046851,1.2725601792895191,-22907.827613968053,-0.03846153846153816,1.4823930464191948,-5383.339489282516,0.02040816326530605,-17524.488124685595,-0.0203918432626948,-2125.0,0.0309278350515464,-549.9999999999964,0.030927835051546188,-275.0,0.030927835051546393,-187.5,0.030927835051546393,-3137.5,0.030927835051546396,-20661.988124685595,-0.027260669909726185,0.014823930464191948,0.011648903293884514
2024-11-01,APAC,665088.334415458,-312591.51717526524,977679.8515907233,-70833.33333333331,-18333.33333333333,-9166.666666666666,-6250,-104583.33333333331,873096.51825739,1.3127527173134814,691691.8677920763,-306339.68683176,998031.5546238363,-68708.33333333331,-17783.333333333332,-8891.666666666666,-6062.5,-101445.83333333331,896585.7212905029,1.2962212844173817,-26603.53337661829,-0.038461538461538415,1.6531432896099707,-6251.830343505251,0.020408163265305944,-20351.703033113037,-0.020391843262694945,-2125.0,0.0309278350515464,-549.9999999999964,0.030927835051546188,-275.0,0.030927835051546393,-187.5,0.030927835051546393,-3137.5,0.030927835051546396,-23489.20303311292,-0.026198502246169698,0.016531432896099707,0.012753557663983402
2024-11-01,EU,697294.8761234118,-327728.59177800355,1025023.4679014154,-70833.33333333331,-18333.33333333333,-9166.666666666666,-6250,-104583.33333333331,920440.1345680822,1.3200156290911518,725186.6711683483,-321174.0199424435,1046360.6911107919,-68708.33333333331,-17783.333333333332,-8891.666666666666,-6062.5,-101445.83333333331,944914.8577774586,1.3029953463638628,-27891.795044936473,-0.038461538461538464,1.702028272728895,-6554.571835560026,0.02040816326530598,-21337.223209376447,-0.020391843262694963,-2125.0,0.0309278350515464,-549.9999999999964,0.030927835051546188,-275.0,0.030927835051546393,-187.5,0.030927835051546393,-3137.5,0.030927835051546396,-24474.723209376447,-0.02590151166311812,0.01702028272728895,0.01306242787035712
2024-11-01,OTHER,555722.402372027,-261189.5291148527,816911.9314868797,-70833.33333333331,-18333.33333333333,-9166.666666666666,-6250,-104583.33333333331,712328.5981535465,1.281806519069713,577951.2984669082,-255965.73853255567,833917.0369994638,-68708.33333333331,-17783.333333333332,-8891.666666666666,-6062.5,-101445.83333333331,732471.2036661305,1.2673580033630978,-22228.896094881115,-0.03846153846153852,1.4448515706615206,-5223.790582297021,0.02040816326530599,-17005.105512584094,-0.020391843262695,-2125.0,0.0309278350515464,-549.9999999999964,0.030927835051546188,-275.0,0.030927835051546393,-187.5,0.030927835051546393,-3137.5,0.030927835051546396,-20142.605512584094,-0.027499518631950673,0.014448515706615206,0.011400500622771315
2024-12-01,APAC,812851.9241072256,-382040.4043303961,1194892.3284376217,-70833.33333333331,-18333.33333333333,-9166.666666666666,-6250,-104583.33333333331,1090308.9951042884,1.3413377796968378,845366.0010715148,-374399.59624378814,1219765.597315303,-68708.33333333331,-17783.333333333332,-8891.666666666666,-6062.5,-101445.83333333331,1118319.7639819698,1.3228823522172428,-32514.076964289183,-0.038461538461538644,1.8455427479594944,-7640.8080866079545,0.02040816326530621,-24873.268877681345,-0.020391843262695115,-2125.0,0.0309278350515464,-549.9999999999964,0.030927835051546188,-275.0,0.030927835051546393,-187.5,0.030927835051546393,-3137.5,0.030927835051546396,-28010.768877681345,-0.025047191134263947,0.018455427479594944,0.01395092122036579
2024-12-01,EU,544767.0888292006,-256040.53174972426,800807.6205789249,-70833.33333333331,-18333.33333333333,-9166.666666666666,-6250,-104583.33333333331,696224.2872455916,1.2780219317982278,566557.7723823687,-250919.72111472976,817477.4934970984,-68708.33333333331,-17783.333333333332,-8891.666666666666,-6062.5,-101445.83333333331,716031.6601637651,1.263828147927193,-21790.683553168084,-0.03846153846153856,1.419378387103487,-5120.810634994501,0.020408163265306187,-16669.872918173554,-0.020391843262694942,-2125.0,0.0309278350515464,-549.9999999999964,0.030927835051546188,-275.0,0.030927835051546393,-187.5,0.030927835051546393,-3137.5,0.030927835051546396,-19807.372918173438,-0.027662705464229408,0.01419378387103487,0.011230786317201532
2024-12-01,OTHER,778152.1422749236,-365731.50686921406,1143883.6491441377,-70833.33333333331,-18333.33333333333,-9166.666666666666,-6250,-104583.33333333331,1039300.3158108045,1.3356004042762326,809278.2279659206,-358416.8767318298,1167695.1046977504,-68708.33333333331,-17783.333333333332,-8891.666666666666,-6062.5,-101445.83333333331,1066249.2713644172,1.3175311462961017,-31126.08569099696,-0.03846153846153848,1.8069257980130926,-7314.630137384287,0.020408163265306138,-23811.45555361267,-0.020391843262694928,-2125.0,0.0309278350515464,-549.9999999999964,0.030927835051546188,-275.0,0.030927835051546393,-187.5,0.030927835051546393,-3137.5,0.030927835051546396,-26948.95555361267,-0.025274535962052907,0.018069257980130926,0.013714482599464896
2025-01-01,APAC,708876.4260881053,-333171.9202614095,1042048.3463495148,-70833.33333333331,-18333.33333333333,-9166.666666666666,-6250,-104583.33333333331,937465.0130161815,1.3224660582797618,737231.4831316295,-326508.4818561813,1063739.9649878107,-68708.33333333331,-17783.333333333332,-8891.666666666666,-6062.5,-101445.83333333331,962294.1316544774,1.3052808428186238,-28355.057043524226,-0.03846153846153848,1.7185215461138048,-6663.438405228197,0.020408163265306145,-21691.618638295913,-0.02039184326269482,-2125.0,0.0309278350515464,-549.9999999999964,0.030927835051546188,-275.0,0.030927835051546393,-187.5,0.030927835051546393,-3137.5,0.030927835051546396,-24829.118638295913,-0.02580200566702727,0.017185215461138048,0.013165914106291707
2025-01-01,EU,767275.4204953469,-360619.44763281295,1127894.8681281598,-70833.33333333331,-18333.33333333333,-9166.666666666666,-6250,-104583.33333333331,1023311.5347948265,1.3336951861877508,797966.4373151606,-353407.0586801567,1151373.4959953174,-68708.33333333331,-17783.333333333332,-8891.666666666666,-6062.5,-101445.83333333331,1049927.662661984,1.3157541640404986,-30691.016819813754,-0.03846153846153832,1.794102214725224,-7212.388952656242,0.020408163265306072,-23478.62786715757,-0.020391843262694886,-2125.0,0.0309278350515464,-549.9999999999964,0.030927835051546188,-275.0,0.030927835051546393,-187.5,0.030927835051546393,-3137.5,0.030927835051546396,-26616.12786715757,-0.025350439667124403,0.01794102214725224,0.013635542746190403
2025-01-01,OTHER,747684.9107595347,-351411.9080569813,1099096.818816516,-70833.33333333331,-18333.33333333333,-9166.666666666666,-6250,-104583.33333333331,994513.4854831828,1.3301237876700063,777592.3071899161,-344383.6698958416,1121975.9770857578,-68708.33333333331,-17783.333333333332,-8891.666666666666,-6062.5,-101445.83333333331,1020530.1437524245,1.312423148115294,-29907.396430381457,-0.03846153846153855,1.770063955471235,-7028.238161139656,0.02040816326530621,-22879.158269241685,-0.020391843262694855,-2125.0,0.0309278350515464,-549.9999999999964,0.030927835051546188,-275.0,0.030927835051546393,-187.5,0.030927835051546393,-3137.5,0.030927835051546396,-26016.658269241685,-0.025493277615083555,0.01770063955471235,0.013486991280313339
2025-02-01,APAC,647896.9314340571,-304511.55777400674,952408.4892080638,-70833.33333333331,-18333.33333333333,-9166.666666666666,-6250,-104583.33333333331,847825.1558747306,1.3085802922359144,673812.8086914193,-298421.3266185266,972234.1353099459,-68708.33333333331,-17783.333333333332,-8891.666666666666,-6062.5,-101445.83333333331,870788.3019766125,1.2923296956431123,-25915.87725736224,-0.0384615384615384,1.6250596592802147,-6090.231155480142,0.020408163265306145,-19825.6461018821,-0.020391843262694876,-2125.0,0.0309278350515464,-549.9999999999964,0.030927835051546188,-275.0,0.030927835051546393,-187.5,0.030927835051546393,-3137.5,0.030927835051546396,-22963.146101881983,-0.02637052662484977,0.016250596592802147,0.01257465231015622
2025-02-01,EU,1091445.5694839526,-512979.41765745776,1604424.9871414104,-70833.33333333331,-18333.33333333333,-9166.666666666666,-6250,-104583.33333333331,1499841.653808077,1.3741790664991371,1135103.3922633107,-502719.8293043085,1637823.2215676191,-68708.33333333331,-17783.333333333332,-8891.666666666666,-6062.5,-101445.83333333331,1536377.3882342859,1.3535131677924643,-43657.82277935813,-0.038461538461538484,2.066589870667279,-10259.588353149244,0.0204081632653063,-33398.23442620877,-0.020391843262694814,-2125.0,0.0309278350515464,-549.9999999999964,0.030927835051546188,-275.0,0.030927835051546393,-187.5,0.030927835051546393,-3137.5,0.030927835051546396,-36535.73442620877,-0.02378044268680512,0.02066589870667279,0.015268339605722636
2025-02-01,OTHER,920315.4162692685,-432548.2456465561,1352863.6619158245,-70833.33333333331,-18333.33333333333,-9166.666666666666,-6250,-104583.33333333331,1248280.3285824913,1.3563614240460207,957128.032920039,-423897.28073362494,1381025.313653664,-68708.33333333331,-17783.333333333332,-8891.666666666666,-6062.5,-101445.83333333331,1279579.4803203307,1.3368947897352308,-36812.616650770535,-0.038461538461538256,1.9466634310789876,-8650.964912931144,0.020408163265306176,-28161.65173783945,-0.020391843262694807,-2125.0,0.0309278350515464,-549.9999999999964,0.030927835051546188,-275.0,0.030927835051546393,-187.5,0.030927835051546393,-3137.5,0.030927835051546396,-31299.15173783945,-0.02446049832715667,0.019466634310789876,0.01456108173975695
2025-03-01,APAC,486366.0777087968,-228592.0565231345,714958.1342319313,-70833.33333333331,-18333.33333333333,-9166.666666666666,-6250,-104583.33333333331,610374.800898598,1.2549699267144394,505820.7208171488,-224020.2153926718,729840.9362098206,-68708.33333333331,-17783.333333333332,-8891.666666666666,-6062.5,-101445.83333333331,628395.1028764872,1.2423277201086593,-19454.64310835203,-0.03846153846153876,1.2642206605780082,-4571.841130462708,0.020408163265306204,-14882.801977889263,-0.020391843262695032,-2125.0,0.0309278350515464,-549.9999999999964,0.030927835051546188,-275.0,0.030927835051546393,-187.5,0.030927835051546393,-3137.5,0.030927835051546396,-18020.301977889147,-0.02867670657425713,0.012642206605780082,0.010176225162772943
2025-03-01,EU,839301.7051198891,-394471.80140634783,1233773.506526237,-70833.33333333331,-18333.33333333333,-9166.666666666666,-6250,-104583.33333333331,1129190.1731929036,1.3453924450583663,872873.7733246846,-386582.3653782209,1259456.1387029055,-68708.33333333331,-17783.333333333332,-8891.666666666666,-6062.5,-101445.83333333331,1158010.3053695722,1.3266641074102072,-33572.068204795476,-0.038461538461538367,1.8728337648159066,-7889.436028126918,0.02040816326530602,-25682.632176668616,-0.02039184326269493,-2125.0,0.0309278350515464,-549.9999999999964,0.030927835051546188,-275.0,0.030927835051546393,-187.5,0.030927835051546393,-3137.5,0.030927835051546396,-28820.132176668616,-0.024887630138551175,0.018728337648159066,0.014116864655906626
2025-03-01,OTHER,940134.9999078524,-441863.4499566906,1381998.449864543,-70833.33333333331,-18333.33333333333,-9166.666666666666,-6250,-104583.33333333331,1277415.1165312098,1.3587571111132082,977740.3999041663,-433026.1809575568,1410766.580861723,-68708.33333333331,-17783.333333333332,-8891.666666666666,-6062.5,-101445.83333333331,1309320.7475283898,1.3391292286344345,-37605.399996313965,-0.03846153846153833,1.9627882478773673,-8837.268999133783,0.020408163265306055,-28768.130997180007,-0.02039184326269473,-2125.0,0.0309278350515464,-549.9999999999964,0.030927835051546188,-275.0,0.030927835051546393,-187.5,0.030927835051546393,-3137.5,0.030927835051546396,-31905.630997180007,-0.024368078683094572,0.019627882478773673,0.014657198169581465
2025-04-01,APAC,832697.5197510298,-391367.83428298397,1224065.3540340138,-70833.33333333331,-18333.33333333333,-9166.666666666666,-6250,-104583.33333333331,1119482.0207006806,1.344404173361051,866005.420541071,-383540.4775973243,1249545.8981383953,-68708.33333333331,-17783.333333333332,-8891.666666666666,-6062.5,-101445.83333333331,1148100.064805062,1.325742354000211,-33307.900790041196,-0.038461538461538464,1.8661819360840104,-7827.3566856596735,0.020408163265306107,-25480.544104381464,-0.020391843262694883,-2125.0,0.0309278350515464,-549.9999999999964,0.030927835051546188,-275.0,0.030927835051546393,-187.5,0.030927835051546393,-3137.5,0.030927835051546396,-28618.044104381464,-0.024926437147480322,0.018661819360840104,0.01407650536662053
2025-04-01,EU,836472.6924573833,-393142.1654549701,1229614.8579123532,-70833.33333333331,-18333.33333333333,-9166.666666666666,-6250,-104583.33333333331,1125031.52457902,1.3449710130690706,869931.6001556786,-385279.32214587065,1255210.9223015492,-68708.33333333331,-17783.333333333332,-8891.666666666666,-6062.5,-101445.83333333331,1153765.088968216,1.3262710410355756,-33458.90769829531,-0.03846153846153844,1.869997203349505,-7862.843309099437,0.020408163265306214,-25596.06438919599,-0.020391843262694973,-2125.0,0.0309278350515464,-549.9999999999964,0.030927835051546188,-275.0,0.030927835051546393,-187.5,0.030927835051546393,-3137.5,0.030927835051546396,-28733.56438919599,-0.024904172143821512,0.01869997203349505,0.014099660970425611
2025-04-01,OTHER,772606.2313564577,-363124.928737535,1135731.1600939927,-70833.33333333331,-18333.33333333333,-9166.666666666666,-6250,-104583.33333333331,1031147.8267606595,1.3346356590345934,803510.4806107159,-355862.4301627843,1159372.9107735003,-68708.33333333331,-17783.333333333332,-8891.666666666666,-6062.5,-101445.83333333331,1057927.077440167,1.316631335830342,-30904.249254258233,-0.03846153846153837,1.8004323204251271,-7262.498574750731,0.020408163265306208,-23641.75067950762,-0.020391843262694935,-2125.0,0.0309278350515464,-549.9999999999964,0.030927835051546188,-275.0,0.030927835051546393,-187.5,0.030927835051546393,-3137.5,0.030927835051546396,-26779.25067950762,-0.025312945712954556,0.01800432320425127,0.013674536458527115
2025-05-01,APAC,876305.4512882823,-411863.56210549275,1288169.013393775,-70833.33333333331,-18333.33333333333,-9166.666666666666,-6250,-104583.33333333331,1183585.6800604418,1.3506542476945886,911357.6693398138,-403626.2908633828,1314983.9602031966,-68708.33333333331,-17783.333333333332,-8891.666666666666,-6062.5,-101445.83333333331,1213538.1268698634,1.3315717502536064,-35052.21805153147,-0.03846153846153865,1.9082497440982227,-8237.271242109942,0.020408163265306343,-26814.946809421526,-0.020391843262694987,-2125.0,0.0309278350515464,-549.9999999999964,0.030927835051546188,-275.0,0.030927835051546393,-187.5,0.030927835051546393,-3137.5,0.030927835051546396,-29952.446809421526,-0.024681916576184793,0.019082497440982227,0.014330806760768124
2025-05-01,EU,903010.9966832504,-424415.16844112775,1327426.1651243782,-70833.33333333331,-18333.33333333333,-9166.666666666666,-6250,-104583.33333333331,1222842.831791045,1.3541837655161824,939131.4365505804,-415926.8650723051,1355058.3016228855,-68708.33333333331,-17783.333333333332,-8891.666666666666,-6062.5,-101445.83333333331,1253612.4682895523,1.33486370437567,-36120.43986733002,-0.038461538461538464,1.9320061140512435,-8488.303368822671,0.02040816326530641,-27632.136498507345,-0.020391843262694838,-2125.0,0.0309278350515464,-549.9999999999964,0.030927835051546188,-275.0,0.030927835051546393,-187.5,0.030927835051546393,-3137.5,0.030927835051546396,-30769.636498507345,-0.02454477542050128,0.019320061140512435,0.014473433562678696
2025-05-01,OTHER,914243.7846054065,-429694.57876454096,1343938.3633699473,-70833.33333333331,-18333.33333333333,-9166.666666666666,-6250,-104583.33333333331,1239355.030036614,1.3556067330241985,950813.5359896227,-421100.6871892501,1371914.2231788728,-68708.33333333331,-17783.333333333332,-8891.666666666666,-6062.5,-101445.83333333331,1270468.3898455396,1.336190895224493,-36569.751384216244,-0.03846153846153845,1.941583779970557,-8593.89157529088,0.02040816326530627,-27975.85980892554,-0.020391843262694997,-2125.0,0.0309278350515464,-549.9999999999964,0.030927835051546188,-275.0,0.030927835051546393,-187.5,0.030927835051546393,-3137.5,0.030927835051546396,-31113.35980892554,-0.024489676451303306,0.01941583779970557,0.014530736490644567
2025-06-01,APAC,662206.1267757885,-311236.87958462053,973443.0063604091,-70833.33333333331,-18333.33333333333,-9166.666666666666,-6250,-104583.33333333331,868859.6730270758,1.3120683090889864,688694.3718468199,-305012.1419929281,993706.513839748,-68708.33333333331,-17783.333333333332,-8891.666666666666,-6062.5,-101445.83333333331,892260.6805064147,1.2955829421310738,-26488.245071031386,-0.03846153846153825,1.6485366957912584,-6224.737591692421,0.02040816326530616,-20263.507479338907,-0.020391843262694703,-2125.0,0.0309278350515464,-549.9999999999964,0.030927835051546188,-275.0,0.030927835051546393,-187.5,0.030927835051546393,-3137.5,0.030927835051546396,-23401.007479338907,-0.02622664877046621,0.016485366957912584,0.012724285278714918
2025-06-01,EU,966465.3560945216,-454238.7173644251,1420704.0734589468,-70833.33333333331,-18333.33333333333,-9166.666666666666,-6250,-104583.33333333331,1316120.7401256135,1.3617878093882707,1005123.9703383023,-445153.94301713654,1450277.913355439,-68708.33333333331,-17783.333333333332,-8891.666666666666,-6062.5,-101445.83333333331,1348832.0800221057,1.3419559376025216,-38658.61424378073,-0.03846153846153833,1.9831871785749078,-9084.774347288534,0.020408163265306197,-29573.839896492194,-0.02039184326269481,-2125.0,0.0309278350515464,-549.9999999999964,0.030927835051546188,-275.0,0.030927835051546393,-187.5,0.030927835051546393,-3137.5,0.030927835051546396,-32711.339896492194,-0.02425160283551092,0.019831871785749078,0.014778333051068586
2025-06-01,OTHER,1012685.179317208,-475962.03427908773,1488647.2135962958,-70833.33333333331,-18333.33333333333,-9166.666666666666,-6250,-104583.33333333331,1384063.8802629625,1.3667267069082147,1053192.5864898963,-466442.79359350604,1519635.3800834024,-68708.33333333331,-17783.333333333332,-8891.666666666666,-6062.5,-101445.83333333331,1418189.5467500691,1.346562409327854,-40507.40717268828,-0.03846153846153843,2.0164297580360646,-9519.240685581695,0.020408163265305992,-30988.166487106588,-0.020391843262694935,-2125.0,0.0309278350515464,-549.9999999999964,0.030927835051546188,-275.0,0.030927835051546393,-187.5,0.030927835051546393,-3137.5,0.030927835051546396,-34125.66648710659,-0.024062838825253754,0.020164297580360646,0.014974647621736148
2025-07-01,APAC,1017070.472792406,-478023.12221243075,1495093.5950048368,-70833.33333333331,-18333.33333333333,-9166.666666666666,-6250,-104583.33333333331,1390510.2616715035,1.36717198942351,1057753.2917041024,-468462.6597681822,1526215.9514722847,-68708.33333333331,-17783.333333333332,-8891.666666666666,-6062.5,-101445.83333333331,1424770.1181389515,1.3469777209046199,-40682.818911696435,-0.03846153846153864,2.0194268518890057,-9560.462444248551,0.020408163265305982,-31122.356467447942,-0.020391843262695126,-2125.0,0.0309278350515464,-549.9999999999964,0.030927835051546188,-275.0,0.030927835051546393,-187.5,0.030927835051546393,-3137.5,0.030927835051546396,-34259.85646744794,-0.024045883635037558,0.020194268518890057,0.014992281019561142
2025-07-01,EU,905632.5729237009,-425647.30927413946,1331279.8821978404,-70833.33333333331,-18333.33333333333,-9166.666666666666,-6250,-104583.33333333331,1226696.548864507,1.3545190240941738,941857.8758406492,-417134.36308865674,1358992.238929306,-68708.33333333331,-17783.333333333332,-8891.666666666666,-6062.5,-101445.83333333331,1257546.4055959727,1.3351763974724506,-36225.302916948334,-0.03846153846153877,1.9342626621723147,-8512.946185482724,0.020408163265305965,-27712.356731465552,-0.02039184326269514,-2125.0,0.0309278350515464,-549.9999999999964,0.030927835051546188,-275.0,0.030927835051546393,-187.5,0.030927835051546393,-3137.5,0.030927835051546396,-30849.856731465552,-0.02453178395181789,0.019342626621723147,0.014486944690109572
2025-07-01,OTHER,466867.02852084744,-219427.50340479825,686294.5319256457,-70833.33333333331,-18333.33333333333,-9166.666666666666,-6250,-104583.33333333331,581711.1985923124,1.24598903554042,485541.7096616813,-215038.95333670225,700580.6629983836,-68708.33333333331,-17783.333333333332,-8891.666666666666,-6062.5,-101445.83333333331,599134.8296650504,1.2339513119944303,-18674.681140833884,-0.038461538461538436,1.2037723545989643,-4388.550068095996,0.02040816326530627,-14286.131072737975,-0.020391843262694984,-2125.0,0.0309278350515464,-549.9999999999964,0.030927835051546188,-275.0,0.030927835051546393,-187.5,0.030927835051546393,-3137.5,0.030927835051546396,-17423.631072737975,-0.029081318945317788,0.012037723545989643,0.009755428296869446
2025-08-01,APAC,967204.6188442431,-454586.1708567942,1421790.7897010373,-70833.33333333331,-18333.33333333333,-9166.666666666666,-6250,-104583.33333333331,1317207.456367704,1.3618705191272715,1005892.8035980128,-445494.44743965846,1451387.2510376712,-68708.33333333331,-17783.333333333332,-8891.666666666666,-6062.5,-101445.83333333331,1349941.417704338,1.342033080339859,-38688.18475376966,-0.0384615384615384,1.983743878741251,-9091.72341713577,0.02040816326530586,-29596.46133663389,-0.020391843262694956,-2125.0,0.0309278350515464,-549.9999999999964,0.030927835051546188,-275.0,0.030927835051546393,-187.5,0.030927835051546393,-3137.5,0.030927835051546396,-32733.96133663389,-0.024248431011399067,0.01983743878741251,0.014781631748145015
2025-08-01,EU,814633.4792354443,-382877.7352406588,1197511.2144761032,-70833.33333333331,-18333.33333333333,-9166.666666666666,-6250,-104583.33333333331,1092927.88114277,1.3416191563456397,847218.8184048622,-375220.18053584563,1222438.9989407079,-68708.33333333331,-17783.333333333332,-8891.666666666666,-6062.5,-101445.83333333331,1120993.1656073746,1.3231447900531446,-32585.339169417857,-0.038461538461538554,1.8474366292495104,-7657.55470481317,0.020408163265306107,-24927.784464604687,-0.020391843262694994,-2125.0,0.0309278350515464,-549.9999999999964,0.030927835051546188,-275.0,0.030927835051546393,-187.5,0.030927835051546393,-3137.5,0.030927835051546396,-28065.284464604687,-0.02503608882343043,0.018474366292495104,0.013962467623632539
2025-08-01,OTHER,639175.9609638589,-300412.70165301365,939588.6626168725,-70833.33333333331,-18333.33333333333,-9166.666666666666,-6250,-104583.33333333331,835005.3292835392,1.3063778681920004,664742.9994024133,-294404.44761995337,959147.4470223666,-68708.33333333331,-17783.333333333332,-8891.666666666666,-6062.5,-101445.83333333331,857701.6136890333,1.2902755116790772,-25567.038438554388,-0.038461538461538505,1.6102356512923244,-6008.254033060279,0.02040816326530614,-19558.78440549411,-0.020391843262694952,-2125.0,0.0309278350515464,-549.9999999999964,0.030927835051546188,-275.0,0.030927835051546393,-187.5,0.030927835051546393,-3137.5,0.030927835051546396,-22696.28440549411,-0.026461748518667044,0.016102356512923244,0.012479781540586418
2025-09-01,APAC,668740.6039652944,-314308.08386368834,983048.6878289827,-70833.33333333331,-18333.33333333333,-9166.666666666666,-6250,-104583.33333333331,878465.3544956495,1.3136115098840913,695490.2281239062,-308021.9221864146,1003512.1503103208,-68708.33333333331,-17783.333333333332,-8891.666666666666,-6062.5,-101445.83333333331,902066.3169769875,1.2970222736418928,-26749.624158611754,-0.03846153846153843,1.6589236242198435,-6286.161677273747,0.02040816326530606,-20463.462481338065,-0.020391843262694977,-2125.0,0.0309278350515464,-549.9999999999964,0.030927835051546188,-275.0,0.030927835051546393,-187.5,0.030927835051546393,-3137.5,0.030927835051546396,-23600.962481338065,-0.026163223298736854,0.016589236242198435,0.012790247769313725
2025-09-01,EU,891180.8548025346,-418855.00175719114,1310035.8565597257,-70833.33333333331,-18333.33333333333,-9166.666666666666,-6250,-104583.33333333331,1205452.5232263925,1.3526463419072141,926828.088994636,-410477.90172204736,1337305.9907166832,-68708.33333333331,-17783.333333333332,-8891.666666666666,-6062.5,-101445.83333333331,1235860.15738335,1.3334297612019208,-35647.2341921014,-0.03846153846153848,1.9216580705293307,-8377.100035143783,0.020408163265306024,-27270.1341569575,-0.020391843262694883,-2125.0,0.0309278350515464,-549.9999999999964,0.030927835051546188,-275.0,0.030927835051546393,-187.5,0.030927835051546393,-3137.5,0.030927835051546396,-30407.6341569575,-0.024604429534599355,0.019216580705293307,0.014411393284016666
2025-09-01,OTHER,568928.0039954394,-267396.1618778565,836324.1658732959,-70833.33333333331,-18333.33333333333,-9166.666666666666,-6250,-104583.33333333331,731740.8325399626,1.2861747486520778,591685.124155257,-262048.2386402993,853733.3627955563,-68708.33333333331,-17783.333333333332,-8891.666666666666,-6062.5,-101445.83333333331,752287.5294622229,1.271432217492803,-22757.120159817627,-0.03846153846153855,1.4742531159274819,-5347.923237557174,0.020408163265306294,-17409.196922260453,-0.02039184326269493,-2125.0,0.0309278350515464,-549.9999999999964,0.030927835051546188,-275.0,0.030927835051546393,-187.5,0.030927835051546393,-3137.5,0.030927835051546396,-20546.696922260337,-0.027312292331827248,0.014742531159274819,0.011595215974899794
2025-10-01,APAC,572726.6318072554,-269181.51694941,841908.1487566654,-70833.33333333331,-18333.33333333333,-9166.666666666666,-6250,-104583.33333333331,737324.8154233322,1.2873939755458592,595635.6970795457,-263797.8866104218,859433.5836899675,-68708.33333333331,-17783.333333333332,-8891.666666666666,-6062.5,-101445.83333333331,757987.7503566341,1.2725693810379648,-22909.06527229026,-0.038461538461538526,1.4824594507894417,-5383.630338988209,0.020408163265306156,-17525.43493330211,-0.02039184326269503,-2125.0,0.0309278350515464,-549.9999999999964,0.030927835051546188,-275.0,0.030927835051546393,-187.5,0.030927835051546393,-3137.5,0.030927835051546396,-20662.934933301993,-0.027260249157826176,0.014824594507894417,0.01164934087586078
2025-10-01,EU,643271.0631394085,-302337.39967552194,945608.4628149304,-70833.33333333331,-18333.33333333333,-9166.666666666666,-6250,-104583.33333333331,841025.1294815971,1.3074194964982153,669001.9056649847,-296290.6516820115,965292.5573469962,-68708.33333333331,-17783.333333333332,-8891.666666666666,-6062.5,-101445.83333333331,863846.7240136629,1.2912470303877586,-25730.84252557624,-0.03846153846153832,1.6172466110456751,-6046.747993510449,0.02040816326530616,-19684.094532065792,-0.020391843262694814,-2125.0,0.0309278350515464,-549.9999999999964,0.030927835051546188,-275.0,0.030927835051546393,-187.5,0.030927835051546393,-3137.5,0.030927835051546396,-22821.594532065792,-0.026418569287420066,0.01617246611045675,0.012524687941082966
2025-10-01,OTHER,802291.171687813,-377076.85069327214,1179368.0223810852,-70833.33333333331,-18333.33333333333,-9166.666666666666,-6250,-104583.33333333331,1074784.689047752,1.3396441678233642,834382.8185553255,-369535.31367940665,1203918.1322347322,-68708.33333333331,-17783.333333333332,-8891.666666666666,-6062.5,-101445.83333333331,1102472.298901399,1.3213027334506375,-32091.646867512492,-0.03846153846153843,1.8341434372726617,-7541.5370138654835,0.020408163265306235,-24550.10985364695,-0.020391843262694817,-2125.0,0.0309278350515464,-549.9999999999964,0.030927835051546188,-275.0,0.030927835051546393,-187.5,0.030927835051546393,-3137.5,0.030927835051546396,-27687.60985364695,-0.025114109335207187,0.018341434372726617,0.013881326291384558
2025-11-01,APAC,540808.089665582,-254179.80214282355,794987.8918084056,-70833.33333333331,-18333.33333333333,-9166.666666666666,-6250,-104583.33333333331,690404.5584750723,1.2766165515423331,562440.4132522054,-249096.20609996704,811536.6193521724,-68708.33333333331,-17783.333333333332,-8891.666666666666,-6062.5,-101445.83333333331,710090.7860188391,1.2625173605731377,-21632.3235866233,-0.03846153846153849,1.409919096919543,-5083.596042856516,0.020408163265306305,-16548.727543766727,-0.02039184326269482,-2125.0,0.0309278350515464,-549.9999999999964,0.030927835051546188,-275.0,0.030927835051546393,-187.5,0.030927835051546393,-3137.5,0.030927835051546396,-19686.227543766843,-0.027723536104641917,0.01409919096919543,0.011167522451172395
2025-11-01,EU,944907.620745403,-444106.58175033936,1389014.2024957424,-70833.33333333331,-18333.33333333333,-9166.666666666666,-6250,-104583.33333333331,1284430.869162409,1.3593189862826682,982703.9255752192,-435224.45011533255,1417928.3756905517,-68708.33333333331,-17783.333333333332,-8891.666666666666,-6062.5,-101445.83333333331,1316482.5423572185,1.339653285282873,-37796.30482981622,-0.038461538461538554,1.9665700999795144,-8882.131635006808,0.020408163265306173,-28914.17319480935,-0.020391843262694935,-2125.0,0.0309278350515464,-549.9999999999964,0.030927835051546188,-275.0,0.030927835051546393,-187.5,0.030927835051546393,-3137.5,0.030927835051546396,-32051.67319480935,-0.024346447570371466,0.019665700999795144,0.014679694526813818
2025-11-01,OTHER,803070.2119689628,-377442.9996254125,1180513.2115943753,-70833.33333333331,-18333.33333333333,-9166.666666666666,-6250,-104583.33333333331,1075929.878261042,1.339770623073023,835193.0204477214,-369894.1396329042,1205087.1600806257,-68708.33333333331,-17783.333333333332,-8891.666666666666,-6062.5,-101445.83333333331,1103641.3267472924,1.321420677289262,-32122.808478758554,-0.03846153846153851,1.8349945783761035,-7548.859992508311,0.02040816326530629,-24573.94848625036,-0.020391843262695,-2125.0,0.0309278350515464,-549.9999999999964,0.030927835051546188,-275.0,0.030927835051546393,-187.5,0.030927835051546393,-3137.5,0.030927835051546396,-27711.44848625036,-0.025109107292967132,0.018349945783761035,0.01388652841531417
2025-12-01,APAC,851966.4549771572,-400424.2338392639,1252390.6888164212,-70833.33333333331,-18333.33333333333,-9166.666666666666,-6250,-104583.33333333331,1147807.355483088,1.34724477563364,886045.1131762434,-392415.7491624785,1278460.8623387218,-68708.33333333331,-17783.333333333332,-8891.666666666666,-6062.5,-101445.83333333331,1177015.0290053885,1.328391761889068,-34078.6581990862,-0.03846153846153837,1.8853013744572156,-8008.484676785418,0.020408163265306485,-26070.173522300553,-0.02039184326269457,-2125.0,0.0309278350515464,-549.9999999999964,0.030927835051546188,-275.0,0.030927835051546393,-187.5,0.030927835051546393,-3137.5,0.030927835051546396,-29207.673522300553,-0.024815038722982047,0.018853013744572156,0.014192359728098451
2025-12-01,EU,627124.7631628047,-294748.6386865182,921873.4018493228,-70833.33333333331,-18333.33333333333,-9166.666666666666,-6250,-104583.33333333331,817290.0685159895,1.3032336092010084,652209.7536893169,-288853.66591278784,941063.4196021047,-68708.33333333331,-17783.333333333332,-8891.666666666666,-6062.5,-101445.83333333331,839617.5862687714,1.2873428855047866,-25084.990526512265,-0.03846153846153858,1.5890723696221798,-5894.972773730347,0.020408163265306065,-19190.01775278186,-0.02039184326269496,-2125.0,0.0309278350515464,-549.9999999999964,0.030927835051546188,-275.0,0.030927835051546393,-187.5,0.030927835051546393,-3137.5,0.030927835051546396,-22327.517752781976,-0.026592484623868606,0.015890723696221798,0.0123438159911769
2025-12-01,OTHER,616920.0840372414,-289952.43949750345,906872.5235347449,-70833.33333333331,-18333.33333333333,-9166.666666666666,-6250,-104583.33333333331,802289.1902014115,1.3004750711811484,641596.8873987311,-284153.39070755336,925750.2781062844,-68708.33333333331,-17783.333333333332,-8891.666666666666,-6062.5,-101445.83333333331,824304.4447729511,1.2847700183131863,-24676.80336148967,-0.038461538461538484,1.5705052867962088,-5799.048789950088,0.02040816326530619,-18877.754571539583,-0.020391843262694918,-2125.0,0.0309278350515464,-549.9999999999964,0.030927835051546188,-275.0,0.030927835051546393,-187.5,0.030927835051546393,-3137.5,0.030927835051546396,-22015.254571539583,-0.026707674222966892,0.015705052867962088,0.01222401880811457
2026-01-01,APAC,856593.2266675859,-402598.8165337653,1259192.043201351,-70833.33333333331,-18333.33333333333,-9166.666666666666,-6250,-104583.33333333331,1154608.7098680178,1.3479078212651818,890856.9557342894,-394546.8402030901,1285403.7959373794,-68708.33333333331,-17783.333333333332,-8891.666666666666,-6062.5,-101445.83333333331,1183957.962604046,1.3290101794492564,-34263.72906670347,-0.0384615384615385,1.8897641815925459,-8051.976330675185,0.02040816326530581,-26211.752736028284,-0.020391843262695043,-2125.0,0.0309278350515464,-549.9999999999964,0.030927835051546188,-275.0,0.030927835051546393,-187.5,0.030927835051546393,-3137.5,0.030927835051546396,-29349.252736028284,-0.02478910034227594,0.01889764181592546,0.014219335644032965
2026-01-01,EU,850916.5181277251,-399930.76352003077,1250847.2816477558,-70833.33333333331,-18333.33333333333,-9166.666666666666,-6250,-104583.33333333331,1146263.9483144225,1.3470933092667556,884953.1788528344,-391932.14824963023,1276885.3271024646,-68708.33333333331,-17783.333333333332,-8891.666666666666,-6062.5,-101445.83333333331,1175439.4937691314,1.328250490373801,-34036.66072510928,-0.03846153846153876,1.8842818892954583,-7998.615270400536,0.020408163265305916,-26038.04545470886,-0.020391843262695285,-2125.0,0.0309278350515464,-549.9999999999964,0.030927835051546188,-275.0,0.030927835051546393,-187.5,0.030927835051546393,-3137.5,0.030927835051546396,-29175.54545470886,-0.024820967484387793,0.018842818892954583,0.014186193816237003
2026-01-01,OTHER,789727.3455021031,-371171.8523859885,1160899.1978880917,-70833.33333333331,-18333.33333333333,-9166.666666666666,-6250,-104583.33333333331,1056315.8645547584,1.3375703280011917,821316.4393221873,-363748.41533826885,1185064.854660456,-68708.33333333331,-17783.333333333332,-8891.666666666666,-6062.5,-101445.83333333331,1083619.0213271228,1.3193684790011113,-31589.093820084236,-0.038461538461538596,1.8201849000080372,-7423.437047719664,0.020408163265305826,-24165.656772364397,-0.020391843262694956,-2125.0,0.0309278350515464,-549.9999999999964,0.030927835051546188,-275.0,0.030927835051546393,-187.5,0.030927835051546393,-3137.5,0.030927835051546396,-27303.156772364397,-0.025196269385273296,0.018201849000080372,0.013795879839315944
2026-02-01,APAC,644591.3908439658,-302957.9536966639,947549.3445406298,-70833.33333333331,-18333.33333333333,-9166.666666666666,-6250,-104583.33333333331,842966.0112072965,1.3077525129580123,670375.0464777243,-296898.79462273064,967273.841100455,-68708.33333333331,-17783.333333333332,-8891.666666666666,-6062.5,-101445.83333333331,865828.0077671218,1.2915576322781461,-25783.65563375852,-0.038461538461538304,1.6194880679866186,-6059.1590739332605,0.020408163265306062,-19724.49655982526,-0.020391843262694827,-2125.0,0.0309278350515464,-549.9999999999964,0.030927835051546188,-275.0,0.030927835051546393,-187.5,0.030927835051546393,-3137.5,0.030927835051546396,-22861.99655982526,-0.02640477826396944,0.016194880679866186,0.01253903060547166
2026-02-01,EU,1044351.7272721056,-490845.3118178896,1535197.0390899952,-70833.33333333331,-18333.33333333333,-9166.666666666666,-6250,-104583.33333333331,1430613.705756662,1.3698581315066047,1086125.7963629898,-481028.4055815318,1567154.2019445216,-68708.33333333331,-17783.333333333332,-8891.666666666666,-6062.5,-101445.83333333331,1465708.3686111884,1.349483064962891,-41774.06909088418,-0.03846153846153842,2.0375066543713682,-9816.906236357812,0.020408163265306166,-31957.162854526425,-0.020391843262694918,-2125.0,0.0309278350515464,-549.9999999999964,0.030927835051546188,-275.0,0.030927835051546393,-187.5,0.030927835051546393,-3137.5,0.030927835051546396,-35094.662854526425,-0.02394382375518527,0.020375066543713682,0.015098423294607234
2026-02-01,OTHER,839866.9397855124,-394737.4616991907,1234604.4014847032,-70833.33333333331,-18333.33333333333,-9166.666666666666,-6250,-104583.33333333331,1130021.06815137,1.345476306568226,873461.6173769328,-386842.71246520686,1260304.3298421395,-68708.33333333331,-17783.333333333332,-8891.666666666666,-6062.5,-101445.83333333331,1158858.4965088062,1.3267423243953644,-33594.67759142036,-0.03846153846153831,1.8733982172861596,-7894.7492339838645,0.020408163265306256,-25699.92835743632,-0.020391843262694644,-2125.0,0.0309278350515464,-549.9999999999964,0.030927835051546188,-275.0,0.030927835051546393,-187.5,0.030927835051546393,-3137.5,0.030927835051546396,-28837.42835743632,-0.024884339584437937,0.018733982172861596,0.014120286832184406
2026-03-01,APAC,689889.1030211893,-324247.878419959,1014136.9814411483,-70833.33333333331,-18333.33333333333,-9166.666666666666,-6250,-104583.33333333331,909553.6481078151,1.3184055873975429,717484.6671420371,-317762.9208515598,1035247.5879935969,-68708.33333333331,-17783.333333333332,-8891.666666666666,-6062.5,-101445.83333333331,933801.7546602637,1.3014936728611697,-27595.564120847732,-0.03846153846153867,1.6911914536373196,-6484.957568399201,0.02040816326530619,-21110.60655244859,-0.02039184326269511,-2125.0,0.0309278350515464,-549.9999999999964,0.030927835051546188,-275.0,0.030927835051546393,-187.5,0.030927835051546393,-3137.5,0.030927835051546396,-24248.10655244859,-0.025967081804499876,0.016911914536373196,0.012994234923320438
2026-03-01,EU,732966.325439301,-344494.1729564714,1077460.4983957724,-70833.33333333331,-18333.33333333333,-9166.666666666666,-6250,-104583.33333333331,972877.1650624392,1.3273149547209395,762284.978456873,-337604.289497342,1099889.267954215,-68708.33333333331,-17783.333333333332,-8891.666666666666,-6062.5,-101445.83333333331,998443.4346208817,1.309803371230107,-29318.65301757201,-0.03846153846153843,1.7511583490832594,-6889.883459129371,0.02040816326530595,-22428.769558442524,-0.020391843262694845,-2125.0,0.0309278350515464,-549.9999999999964,0.030927835051546188,-275.0,0.030927835051546393,-187.5,0.030927835051546393,-3137.5,0.030927835051546396,-25566.269558442524,-0.02560612716948785,0.017511583490832594,0.01336962774373265
2026-03-01,OTHER,854131.9520157278,-401442.0174473921,1255573.9694631197,-70833.33333333331,-18333.33333333333,-9166.666666666666,-6250,-104583.33333333331,1150990.6361297865,1.34755599929669,888297.2300963571,-393413.1770984442,1281710.4071948011,-68708.33333333331,-17783.333333333332,-8891.666666666666,-6062.5,-101445.83333333331,1180264.573861468,1.3286820378055666,-34165.2780806293,-0.038461538461538665,1.8873961491123303,-8028.84034894791,0.020408163265306298,-26136.43773168139,-0.020391843262695015,-2125.0,0.0309278350515464,-549.9999999999964,0.030927835051546188,-275.0,0.030927835051546393,-187.5,0.030927835051546393,-3137.5,0.030927835051546396,-29273.93773168139,-0.02480286062971961,0.018873961491123303,0.014205024945091667
2026-04-01,APAC,815671.5969726009,-383365.6505771224,1199037.2475497234,-70833.33333333331,-18333.33333333333,-9166.666666666666,-6250,-104583.33333333331,1094453.91421639,1.3417825486120902,848298.4608515048,-375698.33756558,1223996.7984170849,-68708.33333333331,-17783.333333333332,-8891.666666666666,-6062.5,-101445.83333333331,1122550.9650837516,1.3232971847631996,-32626.86387890391,-0.03846153846153832,1.8485363848890657,-7667.313011542428,0.02040816326530607,-24959.550867361482,-0.020391843262694838,-2125.0,0.0309278350515464,-549.9999999999964,0.030927835051546188,-275.0,0.030927835051546393,-187.5,0.030927835051546393,-3137.5,0.030927835051546396,-28097.050867361482,-0.025029643856985334,0.018485363848890657,0.013969170388735137
2026-04-01,EU,732933.2698438106,-344478.63682659104,1077411.9066704016,-70833.33333333331,-18333.33333333333,-9166.666666666666,-6250,-104583.33333333331,972828.5733370683,1.327308519566017,762250.6006375632,-337589.06409005914,1099839.6647276222,-68708.33333333331,-17783.333333333332,-8891.666666666666,-6062.5,-101445.83333333331,998393.8313942889,1.3097973692106117,-29317.330793752568,-0.038461538461538644,1.7511150355405292,-6889.5727365319035,0.02040816326530637,-22427.758057220606,-0.020391843262694925,-2125.0,0.0309278350515464,-549.9999999999964,0.030927835051546188,-275.0,0.030927835051546393,-187.5,0.030927835051546393,-3137.5,0.030927835051546396,-25565.258057220606,-0.025606386230890375,0.01751115035540529,0.013369358319874246
2026-04-01,OTHER,921069.4883294762,-432902.65951485385,1353972.14784433,-70833.33333333331,-18333.33333333333,-9166.666666666666,-6250,-104583.33333333331,1249388.8145109967,1.356454459019141,957912.2678626551,-424244.6063245567,1382156.8741872117,-68708.33333333331,-17783.333333333332,-8891.666666666666,-6062.5,-101445.83333333331,1280711.0408538785,1.3369815627390065,-36842.779533178895,-0.038461538461538304,1.9472896280134488,-8658.053190297156,0.02040816326530631,-28184.726342881797,-0.0203918432626948,-2125.0,0.0309278350515464,-549.9999999999964,0.030927835051546188,-275.0,0.030927835051546393,-187.5,0.030927835051546393,-3137.5,0.030927835051546396,-31322.226342881797,-0.024456903504164823,0.01947289628013449,0.014564820355668444
2026-05-01,APAC,922024.2567455178,-433351.40067039337,1355375.657415911,-70833.33333333331,-18333.33333333333,-9166.666666666666,-6250,-104583.33333333331,1250792.3240825778,1.3565720369413243,958905.2270153386,-424684.3726569855,1383589.599672324,-68708.33333333331,-17783.333333333332,-8891.666666666666,-6062.5,-101445.83333333331,1282143.7663389908,1.3370912267625814,-36880.97026982077,-0.03846153846153852,1.9480810178742924,-8667.028013407893,0.020408163265306183,-28213.942256412935,-0.020391843262694987,-2125.0,0.0309278350515464,-549.9999999999964,0.030927835051546188,-275.0,0.030927835051546393,-187.5,0.030927835051546393,-3137.5,0.030927835051546396,-31351.442256412935,-0.024452361021832406,0.019480810178742924,0.014569544537294317
2026-05-01,EU,833225.2000646839,-391615.8440304015,1224841.0440950855,-70833.33333333331,-18333.33333333333,-9166.666666666666,-6250,-104583.33333333331,1120257.7107617522,1.3444837130163438,866554.2080672713,-383783.52714979346,1250337.7352170646,-68708.33333333331,-17783.333333333332,-8891.666666666666,-6062.5,-101445.83333333331,1148891.9018837314,1.325816540024859,-33329.00800258736,-0.038461538461538464,1.8667172991484904,-7832.316880608036,0.020408163265306138,-25496.69112197915,-0.020391843262694782,-2125.0,0.0309278350515464,-549.9999999999964,0.030927835051546188,-275.0,0.030927835051546393,-187.5,0.030927835051546393,-3137.5,0.030927835051546396,-28634.19112197915,-0.02492331182335808,0.018667172991484904,0.014079755703707616
2026-05-01,OTHER,603956.8576984487,-283859.7231182709,887816.5808167197,-70833.33333333331,-18333.33333333333,-9166.666666666666,-6250,-104583.33333333331,783233.2474833864,1.2968364172039075,628115.1320063865,-278182.52865590545,906297.660662292,-68708.33333333331,-17783.333333333332,-8891.666666666666,-6062.5,-101445.83333333331,804851.8273289588,1.28137627373826,-24158.274307937827,-0.038461538461538276,1.5460143465647613,-5677.194462365471,0.020408163265306315,-18481.079845572356,-0.02039184326269473,-2125.0,0.0309278350515464,-549.9999999999964,0.030927835051546188,-275.0,0.030927835051546393,-187.5,0.030927835051546393,-3137.5,0.030927835051546396,-21618.579845572356,-0.02686032274700473,0.015460143465647613,0.01206526434311486
2026-06-01,APAC,680750.3285515968,-319952.6544192505,1000702.9829708473,-70833.33333333331,-18333.33333333333,-9166.666666666666,-6250,-104583.33333333331,896119.649637514,1.316370498923077,707980.3416936606,-313553.6013308655,1021533.9430245261,-68708.33333333331,-17783.333333333332,-8891.666666666666,-6062.5,-101445.83333333331,920088.1096911929,1.2995955614955623,-27230.013142063748,-0.03846153846153829,1.677493742751457,-6399.0530883849715,0.020408163265305996,-20830.960053678835,-0.020391843262694897,-2125.0,0.0309278350515464,-549.9999999999964,0.030927835051546188,-275.0,0.030927835051546393,-187.5,0.030927835051546393,-3137.5,0.030927835051546396,-23968.460053678835,-0.026050179109176095,0.01677493742751457,0.01290781372645666
2026-06-01,EU,792796.1636869886,-372614.1969328847,1165410.3606198733,-70833.33333333331,-18333.33333333333,-9166.666666666666,-6250,-104583.33333333331,1060827.02728654,1.3380829472648346,824508.0102344683,-365161.91299422685,1189669.923228695,-68708.33333333331,-17783.333333333332,-8891.666666666666,-6062.5,-101445.83333333331,1088224.0898953618,1.319846595045086,-31711.846547479625,-0.038461538461538554,1.823635221974862,-7452.283938657842,0.020408163265306537,-24259.562608821783,-0.020391843262694866,-2125.0,0.0309278350515464,-549.9999999999964,0.030927835051546188,-275.0,0.030927835051546393,-187.5,0.030927835051546393,-3137.5,0.030927835051546396,-27397.062608821783,-0.0251759383597694,0.01823635221974862,0.013817024105839865
2026-06-01,OTHER,540283.0427232088,-253933.0300799081,794216.0728031169,-70833.33333333331,-18333.33333333333,-9166.666666666666,-6250,-104583.33333333331,689632.7394697836,1.276428621549553,561894.3644321371,-248854.36947831,810748.7339104471,-68708.33333333331,-17783.333333333332,-8891.666666666666,-6062.5,-101445.83333333331,709302.9005771137,1.2623420797144869,-21611.321708928328,-0.03846153846153842,1.408654183506619,-5078.660601598094,0.020408163265305847,-16532.661107330234,-0.020391843262694977,-2125.0,0.0309278350515464,-549.9999999999964,0.030927835051546188,-275.0,0.030927835051546393,-187.5,0.030927835051546393,-3137.5,0.030927835051546396,-19670.161107330117,-0.02773168006408233,0.01408654183506619,0.011159052733354375
2026-07-01,APAC,705408.2010633681,-331541.854499783,1036950.0555631511,-70833.33333333331,-18333.33333333333,-9166.666666666666,-6250,-104583.33333333331,932366.7222298179,1.321740689751439,733624.529105903,-324911.0174097873,1058535.5465156902,-68708.33333333331,-17783.333333333332,-8891.666666666666,-6062.5,-101445.83333333331,957089.7131823569,1.3046042971720149,-28216.32804253488,-0.038461538461538665,1.713639257942412,-6630.837089995737,0.020408163265306364,-21585.490952539025,-0.020391843262694886,-2125.0,0.0309278350515464,-549.9999999999964,0.030927835051546188,-275.0,0.030927835051546393,-187.5,0.030927835051546393,-3137.5,0.030927835051546396,-24722.990952539025,-0.02583142479959816,0.01713639257942412,0.013135318208418142
2026-07-01,EU,796936.4641636218,-374560.13815690216,1171496.602320524,-70833.33333333331,-18333.33333333333,-9166.666666666666,-6250,-104583.33333333331,1066913.2689871907,1.338768292033051,828813.9227301666,-367068.93539376406,1195882.8581239306,-68708.33333333331,-17783.333333333332,-8891.666666666666,-6062.5,-101445.83333333331,1094437.0247905974,1.3204858108385187,-31877.45856654481,-0.038461538461538394,1.8282481194532352,-7491.202763138106,0.020408163265306298,-24386.255803406704,-0.020391843262694824,-2125.0,0.0309278350515464,-549.9999999999964,0.030927835051546188,-275.0,0.030927835051546393,-187.5,0.030927835051546393,-3137.5,0.030927835051546396,-27523.755803406704,-0.025148779856632615,0.018282481194532352,0.013845268949102024
2026-07-01,OTHER,958419.796193317,-450457.304210859,1408877.100404176,-70833.33333333331,-18333.33333333333,-9166.666666666666,-6250,-104583.33333333331,1304293.7670708427,1.3608794103077577,996756.5880410499,-441448.1581266418,1438204.7461676917,-68708.33333333331,-17783.333333333332,-8891.666666666666,-6062.5,-101445.83333333331,1336758.9128343584,1.3411086807678125,-38336.79184773285,-0.03846153846153862,1.9770729539945187,-9009.14608421718,0.02040816326530612,-29327.645763515728,-0.020391843262695077,-2125.0,0.0309278350515464,-549.9999999999964,0.030927835051546188,-275.0,0.030927835051546393,-187.5,0.030927835051546393,-3137.5,0.030927835051546396,-32465.145763515728,-0.02428646291549999,0.019770729539945187,0.014742078567880146
2026-08-01,APAC,1037062.6544610407,-487419.44759668905,1524482.1020577298,-70833.33333333331,-18333.33333333333,-9166.666666666666,-6250,-104583.33333333331,1419898.7687243966,1.3691542768573757,1078545.1606394823,-477671.0586447554,1556216.2192842378,-68708.33333333331,-17783.333333333332,-8891.666666666666,-6062.5,-101445.83333333331,1454770.3859509046,1.3488265851458217,-41482.506178441574,-0.038461538461538415,2.032769171155402,-9748.388951933652,0.020408163265305847,-31734.11722650798,-0.020391843262695008,-2125.0,0.0309278350515464,-549.9999999999964,0.030927835051546188,-275.0,0.030927835051546393,-187.5,0.030927835051546393,-3137.5,0.030927835051546396,-34871.61722650798,-0.023970530032280175,0.02032769171155402,0.01507064876642863
2026-08-01,EU,620130.7420699946,-291461.44877289736,911592.1908428919,-70833.33333333331,-18333.33333333333,-9166.666666666666,-6250,-104583.33333333331,807008.8575095586,1.3013527676692263,644935.9717527943,-285632.21979743947,930568.1915502339,-68708.33333333331,-17783.333333333332,-8891.666666666666,-6062.5,-101445.83333333331,829122.3582169006,1.2855886390761058,-24805.229682799778,-0.03846153846153846,1.5764128593120486,-5829.228975457896,0.02040816326530594,-18976.00070734194,-0.020391843262695036,-2125.0,0.0309278350515464,-549.9999999999964,0.030927835051546188,-275.0,0.030927835051546393,-187.5,0.030927835051546393,-3137.5,0.030927835051546396,-22113.500707342057,-0.02667097381730129,0.015764128593120486,0.01226218723000652
2026-08-01,OTHER,698383.447424026,-328240.22028929216,1026623.6677133181,-70833.33333333331,-18333.33333333333,-9166.666666666666,-6250,-104583.33333333331,922040.3343799848,1.320249409949381,726318.785320987,-321675.4158835063,1047994.2012044933,-68708.33333333331,-17783.333333333332,-8891.666666666666,-6062.5,-101445.83333333331,946548.3678711599,1.3032133919720188,-27935.33789696102,-0.038461538461538436,1.7036017977362095,-6564.804405785864,0.02040816326530619,-21370.533491175156,-0.020391843262694886,-2125.0,0.0309278350515464,-549.9999999999964,0.030927835051546188,-275.0,0.030927835051546393,-187.5,0.030927835051546393,-3137.5,0.030927835051546396,-24508.033491175156,-0.02589200332815014,0.017036017977362095,0.013072316538723747
2026-09-01,APAC,793238.4025863174,-372822.0492155692,1166060.4518018865,-70833.33333333331,-18333.33333333333,-9166.666666666666,-6250,-104583.33333333331,1061477.1184685533,1.338156492433619,824967.9386897702,-365365.6082312577,1190333.5469210278,-68708.33333333331,-17783.333333333332,-8891.666666666666,-6062.5,-101445.83333333331,1088887.7135876946,1.3199151900582788,-31729.53610345279,-0.03846153846153857,1.8241302375340052,-7456.440984311514,0.02040816326530648,-24273.095119141275,-0.020391843262694893,-2125.0,0.0309278350515464,-549.9999999999964,0.030927835051546188,-275.0,0.030927835051546393,-187.5,0.030927835051546393,-3137.5,0.030927835051546396,-27410.595119141275,-0.02517302268828818,0.01824130237534005,0.01382005640418051
2026-09-01,EU,740691.5364389436,-348125.02212630346,1088816.558565247,-70833.33333333331,-18333.33333333333,-9166.666666666666,-6250,-104583.33333333331,984233.2252319138,1.3288031208832987,770319.1978965014,-341162.5216837774,1111481.7195802787,-68708.33333333331,-17783.333333333332,-8891.666666666666,-6062.5,-101445.83333333331,1010035.8862469455,1.3111913723623074,-29627.661457557813,-0.03846153846153855,1.7611748520991233,-6962.50044252607,0.020408163265306124,-22665.161015031626,-0.02039184326269488,-2125.0,0.0309278350515464,-549.9999999999964,0.030927835051546188,-275.0,0.030927835051546393,-187.5,0.030927835051546393,-3137.5,0.030927835051546396,-25802.661015031626,-0.025546281440462688,0.017611748520991233,0.013431867301918737
2026-09-01,OTHER,852445.397386533,-400649.3367716705,1253094.7341582035,-70833.33333333331,-18333.33333333333,-9166.666666666666,-6250,-104583.33333333331,1148511.4008248702,1.3473137450750867,886543.2132819943,-392636.3500362371,1279179.5633182314,-68708.33333333331,-17783.333333333332,-8891.666666666666,-6062.5,-101445.83333333331,1177733.7299848981,1.328456089156571,-34097.81589546136,-0.038461538461538505,1.8857655918515626,-8012.986735433398,0.020408163265306093,-26084.829160027904,-0.020391843262694918,-2125.0,0.0309278350515464,-549.9999999999964,0.030927835051546188,-275.0,0.030927835051546393,-187.5,0.030927835051546393,-3137.5,0.030927835051546396,-29222.329160027904,-0.024812339509375024,0.018857655918515626,0.014195166910250108
2026-10-01,APAC,707961.1658590209,-332741.74795373983,1040702.9138127607,-70833.33333333331,-18333.33333333333,-9166.666666666666,-6250,-104583.33333333331,936119.5804794275,1.3222753247257077,736279.6124933817,-326086.912994665,1062366.5254880467,-68708.33333333331,-17783.333333333332,-8891.666666666666,-6062.5,-101445.83333333331,960920.6921547134,1.305102947099939,-28318.446634360822,-0.03846153846153844,1.7172377625768842,-6654.834959074855,0.020408163265306305,-21663.611675285967,-0.020391843262694855,-2125.0,0.0309278350515464,-549.9999999999964,0.030927835051546188,-275.0,0.030927835051546393,-187.5,0.030927835051546393,-3137.5,0.030927835051546396,-24801.111675285967,-0.02580973838712264,0.017172377625768842,0.01315787207739242
2026-10-01,EU,842030.7082667903,-395754.4328853914,1237785.1411521817,-70833.33333333331,-18333.33333333333,-9166.666666666666,-6250,-104583.33333333331,1133201.8078188484,1.3457962954241842,875711.9365974619,-387839.3442276836,1263551.2808251455,-68708.33333333331,-17783.333333333332,-8891.666666666666,-6062.5,-101445.83333333331,1162105.4474918123,1.3270407755398643,-33681.22833067167,-0.038461538461538526,1.8755519884319893,-7915.088657707791,0.020408163265306024,-25766.13967296388,-0.020391843262694997,-2125.0,0.0309278350515464,-549.9999999999964,0.030927835051546188,-275.0,0.030927835051546393,-187.5,0.030927835051546393,-3137.5,0.030927835051546396,-28903.63967296388,-0.024871787440070084,0.018755519884319893,0.014133341062327047
2026-10-01,OTHER,570783.0405362707,-268268.0290520473,839051.069588318,-70833.33333333331,-18333.33333333333,-9166.666666666666,-6250,-104583.33333333331,734467.7362549847,1.2867721780327015,593614.3621577215,-262902.66847100627,856517.0306287277,-68708.33333333331,-17783.333333333332,-8891.666666666666,-6062.5,-101445.83333333331,755071.1972953945,1.2719894352805001,-22831.32162145083,-0.038461538461538464,1.4782742752201372,-5365.360581041023,0.02040816326530642,-17465.961040409748,-0.020391843262694765,-2125.0,0.0309278350515464,-549.9999999999964,0.030927835051546188,-275.0,0.030927835051546393,-187.5,0.030927835051546393,-3137.5,0.030927835051546396,-20603.461040409748,-0.027286779199378445,0.014782742752201372,0.011621749632646493
2026-11-01,APAC,975125.694167388,-458309.0762586724,1433434.7704260605,-70833.33333333331,-18333.33333333333,-9166.666666666666,-6250,-104583.33333333331,1328851.4370927273,1.36274886923923,1014130.7219340836,-449142.8947334989,1463273.6166675827,-68708.33333333331,-17783.333333333332,-8891.666666666666,-6062.5,-101445.83333333331,1361827.7833342494,1.3428523107327432,-39005.027766695595,-0.03846153846153853,1.989655850648675,-9166.18152517348,0.020408163265306197,-29838.846241522115,-0.02039184326269495,-2125.0,0.0309278350515464,-549.9999999999964,0.030927835051546188,-275.0,0.030927835051546393,-187.5,0.030927835051546393,-3137.5,0.030927835051546396,-32976.346241522115,-0.024214769771243785,0.01989655850648675,0.014816639437906584
2026-11-01,EU,702048.6836702095,-329962.88132499845,1032011.5649952079,-70833.33333333331,-18333.33333333333,-9166.666666666666,-6250,-104583.33333333331,927428.2316618746,1.3210312236658763,730130.631017018,-323363.62369849853,1053494.2547155165,-68708.33333333331,-17783.333333333332,-8891.666666666666,-6062.5,-101445.83333333331,952048.4213821832,1.3039425836114424,-28081.947346808505,-0.03846153846153863,1.708864005443389,-6599.2576264999225,0.020408163265305975,-21482.689720308525,-0.02039184326269503,-2125.0,0.0309278350515464,-549.9999999999964,0.030927835051546188,-275.0,0.030927835051546393,-187.5,0.030927835051546393,-3137.5,0.030927835051546396,-24620.18972030864,-0.025860228500316263,0.01708864005443389,0.013105362359671259
2026-11-01,OTHER,789914.4460008602,-371259.7896204042,1161174.2356212644,-70833.33333333331,-18333.33333333333,-9166.666666666666,-6250,-104583.33333333331,1056590.9022879312,1.337601695521822,821511.0238408946,-363834.59382799617,1185345.6176688909,-68708.33333333331,-17783.333333333332,-8891.666666666666,-6062.5,-101445.83333333331,1083899.7843355576,1.3193977352463149,-31596.577840034384,-0.038461538461538436,1.820396027550708,-7425.19579240802,0.020408163265305944,-24171.382047626423,-0.020391843262695004,-2125.0,0.0309278350515464,-549.9999999999964,0.030927835051546188,-275.0,0.030927835051546393,-187.5,0.030927835051546393,-3137.5,0.030927835051546396,-27308.882047626423,-0.025195024892792156,0.01820396027550708,0.01379717411149613
2026-12-01,APAC,898692.3953067077,-422385.4257941525,1321077.8211008601,-70833.33333333331,-18333.33333333333,-9166.666666666666,-6250,-104583.33333333331,1216494.4877675269,1.3536272189689098,934640.0911189759,-413937.7172782695,1348577.8083972454,-68708.33333333331,-17783.333333333332,-8891.666666666666,-6062.5,-101445.83333333331,1247131.975063912,1.3343446176921563,-35947.69581226818,-0.03846153846153833,1.928260127675352,-8447.708515882958,0.020408163265305895,-27499.987296385225,-0.020391843262694904,-2125.0,0.0309278350515464,-549.9999999999964,0.030927835051546188,-275.0,0.030927835051546393,-187.5,0.030927835051546393,-3137.5,0.030927835051546396,-30637.487296385225,-0.024566355372946908,0.01928260127675352,0.01445099041213517
2026-12-01,EU,751349.7260086301,-353134.3712240561,1104484.0972326864,-70833.33333333331,-18333.33333333333,-9166.666666666666,-6250,-104583.33333333331,999900.7638993531,1.3308060538081146,781403.7150489753,-346071.68379957497,1127475.3988485504,-68708.33333333331,-17783.333333333332,-8891.666666666666,-6062.5,-101445.83333333331,1026029.5655152171,1.3130594924941068,-30053.989040345186,-0.038461538461538436,1.7746561314007758,-7062.687424481148,0.020408163265306197,-22991.30161586404,-0.020391843262694883,-2125.0,0.0309278350515464,-549.9999999999964,0.030927835051546188,-275.0,0.030927835051546393,-187.5,0.030927835051546393,-3137.5,0.030927835051546396,-26128.80161586404,-0.02546593440779024,0.01774656131400776,0.013515428215898151
2026-12-01,OTHER,580381.7538313221,-272779.4243007214,853161.1781320435,-70833.33333333331,-18333.33333333333,-9166.666666666666,-6250,-104583.33333333331,748577.8447987102,1.2898025133579085,603597.023984575,-267323.8358147069,870920.8597992819,-68708.33333333331,-17783.333333333332,-8891.666666666666,-6062.5,-101445.83333333331,769475.0264659487,1.2748158057280494,-23215.270153252874,-0.03846153846153845,1.4986707629859097,-5455.588486014458,0.02040816326530624,-17759.681667238474,-0.020391843262694942,-2125.0,0.0309278350515464,-549.9999999999964,0.030927835051546188,-275.0,0.030927835051546393,-187.5,0.030927835051546393,-3137.5,0.030927835051546396,-20897.181667238474,-0.027157712659259682,0.014986707629859097,0.011755978834369851
