date,region_id,account_id,value_actual,value_budget,variance,variance_pct,material
2024-01-01,APAC,COGS,-303612.9902993109,-297540.7304933247,-6072.259805986192,0.020408163265306034,False
2024-01-01,APAC,IT,-9166.666666666666,-8891.666666666666,-275.0,0.030927835051546393,False
2024-01-01,APAC,MARKETING,-18333.33333333333,-17783.333333333332,-549.9999999999964,0.030927835051546188,False
2024-01-01,APAC,PAYROLL,-70833.33333333331,-68708.33333333331,-2125.0,0.0309278350515464,False
2024-01-01,APAC,REV,645985.0857432148,671824.4891729434,-25839.403429728583,-0.03846153846153845,False
2024-01-01,APAC,TRAVEL,-6250.0,-6062.5,-187.5,0.030927835051546393,False
2024-01-01,EU,COGS,-357843.53505066107,-350686.6643496479,-7156.870701013191,0.020408163265306034,False
2024-01-01,EU,IT,-9166.666666666666,-8891.666666666666,-275.0,0.030927835051546393,False
2024-01-01,EU,MARKETING,-18333.33333333333,-17783.333333333332,-549.9999999999964,0.030927835051546188,False
2024-01-01,EU,PAYROLL,-70833.33333333331,-68708.33333333331,-2125.0,0.0309278350515464,False
2024-01-01,EU,REV,761369.223512045,791823.9924525269,-30454.76894048194,-0.03846153846153863,False
2024-01-01,EU,TRAVEL,-6250.0,-6062.5,-187.5,0.030927835051546393,False
2024-01-01,OTHER,COGS,-252670.0360757496,-247616.6353542346,-5053.400721515005,0.020408163265306176,False
2024-01-01,OTHER,IT,-9166.666666666666,-8891.666666666666,-275.0,0.030927835051546393,False
2024-01-01,OTHER,MARKETING,-18333.33333333333,-17783.333333333332,-549.9999999999964,0.030927835051546188,False
2024-01-01,OTHER,PAYROLL,-70833.33333333331,-68708.33333333331,-2125.0,0.0309278350515464,False
2024-01-01,OTHER,REV,537595.821437765,559099.6542952758,-21503.832857510773,-0.038461538461538755,False
2024-01-01,OTHER,TRAVEL,-6250.0,-6062.5,-187.5,0.030927835051546393,False
2024-02-01,APAC,COGS,-365033.8819635181,-357733.2043242477,-7300.677639270376,0.020408163265306162,False
2024-02-01,APAC,IT,-9166.666666666666,-8891.666666666666,-275.0,0.030927835051546393,False
2024-02-01,APAC,MARKETING,-18333.33333333333,-17783.333333333332,-549.9999999999964,0.030927835051546188,False
2024-02-01,APAC,PAYROLL,-70833.33333333331,-68708.33333333331,-2125.0,0.0309278350515464,False
2024-02-01,APAC,REV,776667.833964932,807734.5473235294,-31066.713358597364,-0.03846153846153856,False
2024-02-01,APAC,TRAVEL,-6250.0,-6062.5,-187.5,0.030927835051546393,False
2024-02-01,EU,COGS,-380624.57643102156,-373012.0849024011,-7612.491528620478,0.02040816326530625,False
2024-02-01,EU,IT,-9166.666666666666,-8891.666666666666,-275.0,0.030927835051546393,False
2024-02-01,EU,MARKETING,-18333.33333333333,-17783.333333333332,-549.9999999999964,0.030927835051546188,False
2024-02-01,EU,PAYROLL,-70833.33333333331,-68708.33333333331,-2125.0,0.0309278350515464,False
2024-02-01,EU,REV,809839.5243213227,842233.1052941754,-32393.580972852767,-0.038461538461538304,False
2024-02-01,EU,TRAVEL,-6250.0,-6062.5,-187.5,0.030927835051546393,False
2024-02-01,OTHER,COGS,-415971.0411978583,-407651.6203739011,-8319.420823957189,0.02040816326530618,False
2024-02-01,OTHER,IT,-9166.666666666666,-8891.666666666666,-275.0,0.030927835051546393,False
2024-02-01,OTHER,MARKETING,-18333.33333333333,-17783.333333333332,-549.9999999999964,0.030927835051546188,False
2024-02-01,OTHER,PAYROLL,-70833.33333333331,-68708.33333333331,-2125.0,0.0309278350515464,False
2024-02-01,OTHER,REV,885044.7685060815,920446.5592463248,-35401.790740243276,-0.03846153846153848,False
2024-02-01,OTHER,TRAVEL,-6250.0,-6062.5,-187.5,0.030927835051546393,False
2024-03-01,APAC,COGS,-306459.9130308284,-300330.71477021184,-6129.198260616569,0.020408163265306128,False
2024-03-01,APAC,IT,-9166.666666666666,-8891.666666666666,-275.0,0.030927835051546393,False
2024-03-01,APAC,MARKETING,-18333.33333333333,-17783.333333333332,-549.9999999999964,0.030927835051546188,False
2024-03-01,APAC,PAYROLL,-70833.33333333331,-68708.33333333331,-2125.0,0.0309278350515464,False
2024-03-01,APAC,REV,652042.3681506988,678124.0628767268,-26081.694726028014,-0.03846153846153855,False
2024-03-01,APAC,TRAVEL,-6250.0,-6062.5,-187.5,0.030927835051546393,False
2024-03-01,EU,COGS,-331654.0562792628,-325020.97515367763,-6633.081125585188,0.020408163265305906,False
2024-03-01,EU,IT,-9166.666666666666,-8891.666666666666,-275.0,0.030927835051546393,False
2024-03-01,EU,MARKETING,-18333.33333333333,-17783.333333333332,-549.9999999999964,0.030927835051546188,False
2024-03-01,EU,PAYROLL,-70833.33333333331,-68708.33333333331,-2125.0,0.0309278350515464,False
2024-03-01,EU,REV,705646.9282537507,733872.8053839008,-28225.877130150096,-0.038461538461538554,False
2024-03-01,EU,TRAVEL,-6250.0,-6062.5,-187.5,0.030927835051546393,False
2024-03-01,OTHER,COGS,-306622.63769043057,-300490.184936622,-6132.452753808582,0.020408163265306024,False
2024-03-01,OTHER,IT,-9166.666666666666,-8891.666666666666,-275.0,0.030927835051546393,False
2024-03-01,OTHER,MARKETING,-18333.33333333333,-17783.333333333332,-549.9999999999964,0.030927835051546188,False
2024-03-01,OTHER,PAYROLL,-70833.33333333331,-68708.33333333331,-2125.0,0.0309278350515464,False
2024-03-01,OTHER,REV,652388.5908307035,678484.1344639317,-26095.543633228168,-0.0384615384615385,False
2024-03-01,OTHER,TRAVEL,-6250.0,-6062.5,-187.5,0.030927835051546393,False
2024-04-01,APAC,COGS,-385567.21136690315,-377855.867139565,-7711.3442273381515,0.02040816326530636,False
2024-04-01,APAC,IT,-9166.666666666666,-8891.666666666666,-275.0,0.030927835051546393,False
2024-04-01,APAC,MARKETING,-18333.33333333333,-17783.333333333332,-549.9999999999964,0.030927835051546188,False
2024-04-01,APAC,PAYROLL,-70833.33333333331,-68708.33333333331,-2125.0,0.0309278350515464,False
2024-04-01,APAC,REV,820355.7688657512,853169.9996203814,-32814.230754630174,-0.0384615384615386,False
2024-04-01,APAC,TRAVEL,-6250.0,-6062.5,-187.5,0.030927835051546393,False
2024-04-01,EU,COGS,-359658.56964419305,-352465.39825130923,-7193.171392883814,0.02040816326530599,False
2024-04-01,EU,IT,-9166.666666666666,-8891.666666666666,-275.0,0.030927835051546393,False
2024-04-01,EU,MARKETING,-18333.33333333333,-17783.333333333332,-549.9999999999964,0.030927835051546188,False
2024-04-01,EU,PAYROLL,-70833.33333333331,-68708.33333333331,-2125.0,0.0309278350515464,False
2024-04-01,EU,REV,765230.9992429641,795840.2392126827,-30609.23996971862,-0.038461538461538526,False
2024-04-01,EU,TRAVEL,-6250.0,-6062.5,-187.5,0.030927835051546393,False
2024-04-01,OTHER,COGS,-431178.3083502735,-422554.7421832681,-8623.566167005396,0.020408163265305944,False
2024-04-01,OTHER,IT,-9166.666666666666,-8891.666666666666,-275.0,0.030927835051546393,False
2024-04-01,OTHER,MARKETING,-18333.33333333333,-17783.333333333332,-549.9999999999964,0.030927835051546188,False
2024-04-01,OTHER,PAYROLL,-70833.33333333331,-68708.33333333331,-2125.0,0.0309278350515464,False
2024-04-01,OTHER,REV,917400.656064412,954096.6823069884,-36696.02624257642,-0.03846153846153841,False
2024-04-01,OTHER,TRAVEL,-6250.0,-6062.5,-187.5,0.030927835051546393,False
2024-05-01,APAC,COGS,-573627.6067643261,-562155.0546290396,-11472.552135286503,0.02040816326530609,False
2024-05-01,APAC,IT,-9166.666666666666,-8891.666666666666,-275.0,0.030927835051546393,False
2024-05-01,APAC,MARKETING,-18333.33333333333,-17783.333333333332,-549.9999999999964,0.030927835051546188,False
2024-05-01,APAC,PAYROLL,-70833.33333333331,-68708.33333333331,-2125.0,0.0309278350515464,False
2024-05-01,APAC,REV,1220484.2697113322,1269303.6404997855,-48819.37078845338,-0.03846153846153853,False
2024-05-01,APAC,TRAVEL,-6250.0,-6062.5,-187.5,0.030927835051546393,False
2024-05-01,EU,COGS,-461639.707074665,-452406.9129331717,-9232.794141493272,0.02040816326530606,False
2024-05-01,EU,IT,-9166.666666666666,-8891.666666666666,-275.0,0.030927835051546393,False
2024-05-01,EU,MARKETING,-18333.33333333333,-17783.333333333332,-549.9999999999964,0.030927835051546188,False
2024-05-01,EU,PAYROLL,-70833.33333333331,-68708.33333333331,-2125.0,0.0309278350515464,False
2024-05-01,EU,REV,982212.1427120535,1021500.6284205356,-39288.4857084821,-0.03846153846153842,False
2024-05-01,EU,TRAVEL,-6250.0,-6062.5,-187.5,0.030927835051546393,False
2024-05-01,OTHER,COGS,-356713.92453013436,-349579.64603953174,-7134.278490602621,0.02040816326530593,False
2024-05-01,OTHER,IT,-9166.666666666666,-8891.666666666666,-275.0,0.030927835051546393,False
2024-05-01,OTHER,MARKETING,-18333.33333333333,-17783.333333333332,-549.9999999999964,0.030927835051546188,False
2024-05-01,OTHER,PAYROLL,-70833.33333333331,-68708.33333333331,-2125.0,0.0309278350515464,False
2024-05-01,OTHER,REV,758965.7968726264,789324.4287475316,-30358.6318749052,-0.03846153846153864,False
2024-05-01,OTHER,TRAVEL,-6250.0,-6062.5,-187.5,0.030927835051546393,False
2024-06-01,APAC,COGS,-294409.92501379905,-288521.7265135231,-5888.198500275961,0.02040816326530605,False
2024-06-01,APAC,IT,-9166.666666666666,-8891.666666666666,-275.0,0.030927835051546393,False
2024-06-01,APAC,MARKETING,-18333.33333333333,-17783.333333333332,-549.9999999999964,0.030927835051546188,False
2024-06-01,APAC,PAYROLL,-70833.33333333331,-68708.33333333331,-2125.0,0.0309278350515464,False
2024-06-01,APAC,REV,626404.0957740407,651460.2596050022,-25056.163830961566,-0.03846153846153837,False
2024-06-01,APAC,TRAVEL,-6250.0,-6062.5,-187.5,0.030927835051546393,False
2024-06-01,EU,COGS,-341589.43348899885,-334757.6448192189,-6831.788669779955,0.020408163265306055,False
2024-06-01,EU,IT,-9166.666666666666,-8891.666666666666,-275.0,0.030927835051546393,False
2024-06-01,EU,MARKETING,-18333.33333333333,-17783.333333333332,-549.9999999999964,0.030927835051546188,False
2024-06-01,EU,PAYROLL,-70833.33333333331,-68708.33333333331,-2125.0,0.0309278350515464,False
2024-06-01,EU,REV,726786.0286999977,755857.4698479975,-29071.441147999838,-0.03846153846153837,False
2024-06-01,EU,TRAVEL,-6250.0,-6062.5,-187.5,0.030927835051546393,False
2024-06-01,OTHER,COGS,-398842.02904223977,-390865.1884613951,-7976.84058084467,0.020408163265305795,False
2024-06-01,OTHER,IT,-9166.666666666666,-8891.666666666666,-275.0,0.030927835051546393,False
2024-06-01,OTHER,MARKETING,-18333.33333333333,-17783.333333333332,-549.9999999999964,0.030927835051546188,False
2024-06-01,OTHER,PAYROLL,-70833.33333333331,-68708.33333333331,-2125.0,0.0309278350515464,False
2024-06-01,OTHER,REV,848600.0617919997,882544.0642636798,-33944.002471680054,-0.03846153846153853,False
2024-06-01,OTHER,TRAVEL,-6250.0,-6062.5,-187.5,0.030927835051546393,False
2024-07-01,APAC,COGS,-406492.53939933307,-398362.6886113464,-8129.850787986652,0.0204081632653061,False
2024-07-01,APAC,IT,-9166.666666666666,-8891.666666666666,-275.0,0.030927835051546393,False
2024-07-01,APAC,MARKETING,-18333.33333333333,-17783.333333333332,-549.9999999999964,0.030927835051546188,False
2024-07-01,APAC,PAYROLL,-70833.33333333331,-68708.33333333331,-2125.0,0.0309278350515464,False
2024-07-01,APAC,REV,864877.7434028364,899472.8531389498,-34595.10973611346,-0.038461538461538464,False
2024-07-01,APAC,TRAVEL,-6250.0,-6062.5,-187.5,0.030927835051546393,False
2024-07-01,EU,COGS,-308470.211261078,-302300.8070358564,-6169.404225221602,0.020408163265306263,False
2024-07-01,EU,IT,-9166.666666666666,-8891.666666666666,-275.0,0.030927835051546393,False
2024-07-01,EU,MARKETING,-18333.33333333333,-17783.333333333332,-549.9999999999964,0.030927835051546188,False
2024-07-01,EU,PAYROLL,-70833.33333333331,-68708.33333333331,-2125.0,0.0309278350515464,False
2024-07-01,EU,REV,656319.5984278255,682572.3823649385,-26252.78393711301,-0.03846153846153845,False
2024-07-01,EU,TRAVEL,-6250.0,-6062.5,-187.5,0.030927835051546393,False
2024-07-01,OTHER,COGS,-350905.9540878126,-343887.83500605635,-7018.119081756275,0.020408163265306187,False
2024-07-01,OTHER,IT,-9166.666666666666,-8891.666666666666,-275.0,0.030927835051546393,False
2024-07-01,OTHER,MARKETING,-18333.33333333333,-17783.333333333332,-549.9999999999964,0.030927835051546188,False
2024-07-01,OTHER,PAYROLL,-70833.33333333331,-68708.33333333331,-2125.0,0.0309278350515464,False
2024-07-01,OTHER,REV,746608.4129527928,776472.7494709046,-29864.336518111755,-0.03846153846153851,False
2024-07-01,OTHER,TRAVEL,-6250.0,-6062.5,-187.5,0.030927835051546393,False
2024-08-01,APAC,COGS,-425512.611754334,-417002.35951924726,-8510.252235086751,0.020408163265306298,False
2024-08-01,APAC,IT,-9166.666666666666,-8891.666666666666,-275.0,0.030927835051546393,False
2024-08-01,APAC,MARKETING,-18333.33333333333,-17783.333333333332,-549.9999999999964,0.030927835051546188,False
2024-08-01,APAC,PAYROLL,-70833.33333333331,-68708.33333333331,-2125.0,0.0309278350515464,False
2024-08-01,APAC,REV,905345.9824560295,941559.8217542708,-36213.839298241306,-0.03846153846153859,False
2024-08-01,APAC,TRAVEL,-6250.0,-6062.5,-187.5,0.030927835051546393,False
2024-08-01,EU,COGS,-340858.05355497746,-334040.8924838779,-6817.161071099574,0.020408163265306197,False
2024-08-01,EU,IT,-9166.666666666666,-8891.666666666666,-275.0,0.030927835051546393,False
2024-08-01,EU,MARKETING,-18333.33333333333,-17783.333333333332,-549.9999999999964,0.030927835051546188,False
2024-08-01,EU,PAYROLL,-70833.33333333331,-68708.33333333331,-2125.0,0.0309278350515464,False
2024-08-01,EU,REV,725229.9011808031,754239.0972280353,-29009.196047232253,-0.03846153846153863,False
2024-08-01,EU,TRAVEL,-6250.0,-6062.5,-187.5,0.030927835051546393,False
2024-08-01,OTHER,COGS,-406112.9954874255,-397990.73557767697,-8122.259909748507,0.020408163265306117,False
2024-08-01,OTHER,IT,-9166.666666666666,-8891.666666666666,-275.0,0.030927835051546393,False
2024-08-01,OTHER,MARKETING,-18333.33333333333,-17783.333333333332,-549.9999999999964,0.030927835051546188,False
2024-08-01,OTHER,PAYROLL,-70833.33333333331,-68708.33333333331,-2125.0,0.0309278350515464,False
2024-08-01,OTHER,REV,864070.2031647351,898633.0112913245,-34562.8081265894,-0.03846153846153846,False
2024-08-01,OTHER,TRAVEL,-6250.0,-6062.5,-187.5,0.030927835051546393,False
2024-09-01,APAC,COGS,-400041.432434748,-392040.60378605296,-8000.828648695024,0.02040816326530629,False
2024-09-01,APAC,IT,-9166.666666666666,-8891.666666666666,-275.0,0.030927835051546393,False
2024-09-01,APAC,MARKETING,-18333.33333333333,-17783.333333333332,-549.9999999999964,0.030927835051546188,False
2024-09-01,APAC,PAYROLL,-70833.33333333331,-68708.33333333331,-2125.0,0.0309278350515464,False
2024-09-01,APAC,REV,851151.9839037191,885198.063259868,-34046.07935614884,-0.03846153846153854,False
2024-09-01,APAC,TRAVEL,-6250.0,-6062.5,-187.5,0.030927835051546393,False
2024-09-01,EU,COGS,-467530.17305165186,-458179.5695906189,-9350.603461032966,0.020408163265305965,False
2024-09-01,EU,IT,-9166.666666666666,-8891.666666666666,-275.0,0.030927835051546393,False
2024-09-01,EU,MARKETING,-18333.33333333333,-17783.333333333332,-549.9999999999964,0.030927835051546188,False
2024-09-01,EU,PAYROLL,-70833.33333333331,-68708.33333333331,-2125.0,0.0309278350515464,False
2024-09-01,EU,REV,994745.049046068,1034534.8510079108,-39789.80196184281,-0.03846153846153855,False
2024-09-01,EU,TRAVEL,-6250.0,-6062.5,-187.5,0.030927835051546393,False
2024-09-01,OTHER,COGS,-236497.29117826532,-231767.3453547,-4729.945823565329,0.02040816326530622,False
2024-09-01,OTHER,IT,-9166.666666666666,-8891.666666666666,-275.0,0.030927835051546393,False
2024-09-01,OTHER,MARKETING,-18333.33333333333,-17783.333333333332,-549.9999999999964,0.030927835051546188,False
2024-09-01,OTHER,PAYROLL,-70833.33333333331,-68708.33333333331,-2125.0,0.0309278350515464,False
2024-09-01,OTHER,REV,503185.72591120284,523313.1549476509,-20127.42903644807,-0.03846153846153838,False
2024-09-01,OTHER,TRAVEL,-6250.0,-6062.5,-187.5,0.030927835051546393,False
2024-10-01,APAC,COGS,-192893.0245202481,-189035.1640298431,-3857.8604904050007,0.020408163265306332,False
2024-10-01,APAC,IT,-9166.666666666666,-8891.666666666666,-275.0,0.030927835051546393,False
2024-10-01,APAC,MARKETING,-18333.33333333333,-17783.333333333332,-549.9999999999964,0.030927835051546188,False
2024-10-01,APAC,PAYROLL,-70833.33333333331,-68708.33333333331,-2125.0,0.0309278350515464,False
2024-10-01,APAC,REV,410410.69046861294,426827.1180873575,-16416.42761874455,-0.03846153846153853,False
2024-10-01,APAC,TRAVEL,-6250.0,-6062.5,-187.5,0.030927835051546393,False
2024-10-01,EU,COGS,-387377.6560980351,-379630.1029760743,-7747.55312196078,0.020408163265306332,False
2024-10-01,EU,IT,-9166.666666666666,-8891.666666666666,-275.0,0.030927835051546393,False
2024-10-01,EU,MARKETING,-18333.33333333333,-17783.333333333332,-549.9999999999964,0.030927835051546188,False
2024-10-01,EU,PAYROLL,-70833.33333333331,-68708.33333333331,-2125.0,0.0309278350515464,False
2024-10-01,EU,REV,824207.7789319896,857176.0900892691,-32968.31115727953,-0.0384615384615384,False
2024-10-01,EU,TRAVEL,-6250.0,-6062.5,-187.5,0.030927835051546393,False
2024-10-01,OTHER,COGS,-269166.97446412675,-263783.63497484423,-5383.339489282516,0.02040816326530605,False
2024-10-01,OTHER,IT,-9166.666666666666,-8891.666666666666,-275.0,0.030927835051546393,False
2024-10-01,OTHER,MARKETING,-18333.33333333333,-17783.333333333332,-549.9999999999964,0.030927835051546188,False
2024-10-01,OTHER,PAYROLL,-70833.33333333331,-68708.33333333331,-2125.0,0.0309278350515464,False
2024-10-01,OTHER,REV,572695.690349206,595603.517963174,-22907.827613968053,-0.03846153846153816,False
2024-10-01,OTHER,TRAVEL,-6250.0,-6062.5,-187.5,0.030927835051546393,False
2024-11-01,APAC,COGS,-312591.51717526524,-306339.68683176,-6251.830343505251,0.020408163265305944,False
2024-11-01,APAC,IT,-9166.666666666666,-8891.666666666666,-275.0,0.030927835051546393,False
2024-11-01,APAC,MARKETING,-18333.33333333333,-17783.333333333332,-549.9999999999964,0.030927835051546188,False
2024-11-01,APAC,PAYROLL,-70833.33333333331,-68708.33333333331,-2125.0,0.0309278350515464,False
2024-11-01,APAC,REV,665088.334415458,691691.8677920763,-26603.53337661829,-0.038461538461538415,False
2024-11-01,APAC,TRAVEL,-6250.0,-6062.5,-187.5,0.030927835051546393,False
2024-11-01,EU,COGS,-327728.59177800355,-321174.0199424435,-6554.571835560026,0.02040816326530598,False
2024-11-01,EU,IT,-9166.666666666666,-8891.666666666666,-275.0,0.030927835051546393,False
2024-11-01,EU,MARKETING,-18333.33333333333,-17783.333333333332,-549.9999999999964,0.030927835051546188,False
2024-11-01,EU,PAYROLL,-70833.33333333331,-68708.33333333331,-2125.0,0.0309278350515464,False
2024-11-01,EU,REV,697294.8761234118,725186.6711683483,-27891.795044936473,-0.038461538461538464,False
2024-11-01,EU,TRAVEL,-6250.0,-6062.5,-187.5,0.030927835051546393,False
2024-11-01,OTHER,COGS,-261189.5291148527,-255965.73853255567,-5223.790582297021,0.02040816326530599,False
2024-11-01,OTHER,IT,-9166.666666666666,-8891.666666666666,-275.0,0.030927835051546393,False
2024-11-01,OTHER,MARKETING,-18333.33333333333,-17783.333333333332,-549.9999999999964,0.030927835051546188,False
2024-11-01,OTHER,PAYROLL,-70833.33333333331,-68708.33333333331,-2125.0,0.0309278350515464,False
2024-11-01,OTHER,REV,555722.402372027,577951.2984669082,-22228.896094881115,-0.03846153846153852,False
2024-11-01,OTHER,TRAVEL,-6250.0,-6062.5,-187.5,0.030927835051546393,False
2024-12-01,APAC,COGS,-382040.4043303961,-374399.59624378814,-7640.8080866079545,0.02040816326530621,False
2024-12-01,APAC,IT,-9166.666666666666,-8891.666666666666,-275.0,0.030927835051546393,False
2024-12-01,APAC,MARKETING,-18333.33333333333,-17783.333333333332,-549.9999999999964,0.030927835051546188,False
2024-12-01,APAC,PAYROLL,-70833.33333333331,-68708.33333333331,-2125.0,0.0309278350515464,False
2024-12-01,APAC,REV,812851.9241072256,845366.0010715148,-32514.076964289183,-0.038461538461538644,False
2024-12-01,APAC,TRAVEL,-6250.0,-6062.5,-187.5,0.030927835051546393,False
2024-12-01,EU,COGS,-256040.53174972426,-250919.72111472976,-5120.810634994501,0.020408163265306187,False
2024-12-01,EU,IT,-9166.666666666666,-8891.666666666666,-275.0,0.030927835051546393,False
2024-12-01,EU,MARKETING,-18333.33333333333,-17783.333333333332,-549.9999999999964,0.030927835051546188,False
2024-12-01,EU,PAYROLL,-70833.33333333331,-68708.33333333331,-2125.0,0.0309278350515464,False
2024-12-01,EU,REV,544767.0888292006,566557.7723823687,-21790.683553168084,-0.03846153846153856,False
2024-12-01,EU,TRAVEL,-6250.0,-6062.5,-187.5,0.030927835051546393,False
2024-12-01,OTHER,COGS,-365731.50686921406,-358416.8767318298,-7314.630137384287,0.020408163265306138,False
2024-12-01,OTHER,IT,-9166.666666666666,-8891.666666666666,-275.0,0.030927835051546393,False
2024-12-01,OTHER,MARKETING,-18333.33333333333,-17783.333333333332,-549.9999999999964,0.030927835051546188,False
2024-12-01,OTHER,PAYROLL,-70833.33333333331,-68708.33333333331,-2125.0,0.0309278350515464,False
2024-12-01,OTHER,REV,778152.1422749236,809278.2279659206,-31126.08569099696,-0.03846153846153848,False
2024-12-01,OTHER,TRAVEL,-6250.0,-6062.5,-187.5,0.030927835051546393,False
2025-01-01,APAC,COGS,-333171.9202614095,-326508.4818561813,-6663.438405228197,0.020408163265306145,False
2025-01-01,APAC,IT,-9166.666666666666,-8891.666666666666,-275.0,0.030927835051546393,False
2025-01-01,APAC,MARKETING,-18333.33333333333,-17783.333333333332,-549.9999999999964,0.030927835051546188,False
2025-01-01,APAC,PAYROLL,-70833.33333333331,-68708.33333333331,-2125.0,0.0309278350515464,False
2025-01-01,APAC,REV,708876.4260881053,737231.4831316295,-28355.057043524226,-0.03846153846153848,False
2025-01-01,APAC,TRAVEL,-6250.0,-6062.5,-187.5,0.030927835051546393,False
2025-01-01,EU,COGS,-360619.44763281295,-353407.0586801567,-7212.388952656242,0.020408163265306072,False
2025-01-01,EU,IT,-9166.666666666666,-8891.666666666666,-275.0,0.030927835051546393,False
2025-01-01,EU,MARKETING,-18333.33333333333,-17783.333333333332,-549.9999999999964,0.030927835051546188,False
2025-01-01,EU,PAYROLL,-70833.33333333331,-68708.33333333331,-2125.0,0.0309278350515464,False
2025-01-01,EU,REV,767275.4204953469,797966.4373151606,-30691.016819813754,-0.03846153846153832,False
2025-01-01,EU,TRAVEL,-6250.0,-6062.5,-187.5,0.030927835051546393,False
2025-01-01,OTHER,COGS,-351411.9080569813,-344383.6698958416,-7028.238161139656,0.02040816326530621,False
2025-01-01,OTHER,IT,-9166.666666666666,-8891.666666666666,-275.0,0.030927835051546393,False
2025-01-01,OTHER,MARKETING,-18333.33333333333,-17783.333333333332,-549.9999999999964,0.030927835051546188,False
2025-01-01,OTHER,PAYROLL,-70833.33333333331,-68708.33333333331,-2125.0,0.0309278350515464,False
2025-01-01,OTHER,REV,747684.9107595347,777592.3071899161,-29907.396430381457,-0.03846153846153855,False
2025-01-01,OTHER,TRAVEL,-6250.0,-6062.5,-187.5,0.030927835051546393,False
2025-02-01,APAC,COGS,-304511.55777400674,-298421.3266185266,-6090.231155480142,0.020408163265306145,False
2025-02-01,APAC,IT,-9166.666666666666,-8891.666666666666,-275.0,0.030927835051546393,False
2025-02-01,APAC,MARKETING,-18333.33333333333,-17783.333333333332,-549.9999999999964,0.030927835051546188,False
2025-02-01,APAC,PAYROLL,-70833.33333333331,-68708.33333333331,-2125.0,0.0309278350515464,False
2025-02-01,APAC,REV,647896.9314340571,673812.8086914193,-25915.87725736224,-0.0384615384615384,False
2025-02-01,APAC,TRAVEL,-6250.0,-6062.5,-187.5,0.030927835051546393,False
2025-02-01,EU,COGS,-512979.41765745776,-502719.8293043085,-10259.588353149244,0.0204081632653063,False
2025-02-01,EU,IT,-9166.666666666666,-8891.666666666666,-275.0,0.030927835051546393,False
2025-02-01,EU,MARKETING,-18333.33333333333,-17783.333333333332,-549.9999999999964,0.030927835051546188,False
2025-02-01,EU,PAYROLL,-70833.33333333331,-68708.33333333331,-2125.0,0.0309278350515464,False
2025-02-01,EU,REV,1091445.5694839526,1135103.3922633107,-43657.82277935813,-0.038461538461538484,False
2025-02-01,EU,TRAVEL,-6250.0,-6062.5,-187.5,0.030927835051546393,False
2025-02-01,OTHER,COGS,-432548.2456465561,-423897.28073362494,-8650.964912931144,0.020408163265306176,False
2025-02-01,OTHER,IT,-9166.666666666666,-8891.666666666666,-275.0,0.030927835051546393,False
2025-02-01,OTHER,MARKETING,-18333.33333333333,-17783.333333333332,-549.9999999999964,0.030927835051546188,False
2025-02-01,OTHER,PAYROLL,-70833.33333333331,-68708.33333333331,-2125.0,0.0309278350515464,False
2025-02-01,OTHER,REV,920315.4162692685,957128.032920039,-36812.616650770535,-0.038461538461538256,False
2025-02-01,OTHER,TRAVEL,-6250.0,-6062.5,-187.5,0.030927835051546393,False
2025-03-01,APAC,COGS,-228592.0565231345,-224020.2153926718,-4571.841130462708,0.020408163265306204,False
2025-03-01,APAC,IT,-9166.666666666666,-8891.666666666666,-275.0,0.030927835051546393,False
2025-03-01,APAC,MARKETING,-18333.33333333333,-17783.333333333332,-549.9999999999964,0.030927835051546188,False
2025-03-01,APAC,PAYROLL,-70833.33333333331,-68708.33333333331,-2125.0,0.0309278350515464,False
2025-03-01,APAC,REV,486366.0777087968,505820.7208171488,-19454.64310835203,-0.03846153846153876,False
2025-03-01,APAC,TRAVEL,-6250.0,-6062.5,-187.5,0.030927835051546393,False
2025-03-01,EU,COGS,-394471.80140634783,-386582.3653782209,-7889.436028126918,0.02040816326530602,False
2025-03-01,EU,IT,-9166.666666666666,-8891.666666666666,-275.0,0.030927835051546393,False
2025-03-01,EU,MARKETING,-18333.33333333333,-17783.333333333332,-549.9999999999964,0.030927835051546188,False
2025-03-01,EU,PAYROLL,-70833.33333333331,-68708.33333333331,-2125.0,0.0309278350515464,False
2025-03-01,EU,REV,839301.7051198891,872873.7733246846,-33572.068204795476,-0.038461538461538367,False
2025-03-01,EU,TRAVEL,-6250.0,-6062.5,-187.5,0.030927835051546393,False
2025-03-01,OTHER,COGS,-441863.4499566906,-433026.1809575568,-8837.268999133783,0.020408163265306055,False
2025-03-01,OTHER,IT,-9166.666666666666,-8891.666666666666,-275.0,0.030927835051546393,False
2025-03-01,OTHER,MARKETING,-18333.33333333333,-17783.333333333332,-549.9999999999964,0.030927835051546188,False
2025-03-01,OTHER,PAYROLL,-70833.33333333331,-68708.33333333331,-2125.0,0.0309278350515464,False
2025-03-01,OTHER,REV,940134.9999078524,977740.3999041663,-37605.399996313965,-0.03846153846153833,False
2025-03-01,OTHER,TRAVEL,-6250.0,-6062.5,-187.5,0.030927835051546393,False
2025-04-01,APAC,COGS,-391367.83428298397,-383540.4775973243,-7827.3566856596735,0.020408163265306107,False
2025-04-01,APAC,IT,-9166.666666666666,-8891.666666666666,-275.0,0.030927835051546393,False
2025-04-01,APAC,MARKETING,-18333.33333333333,-17783.333333333332,-549.9999999999964,0.030927835051546188,False
2025-04-01,APAC,PAYROLL,-70833.33333333331,-68708.33333333331,-2125.0,0.0309278350515464,False
2025-04-01,APAC,REV,832697.5197510298,866005.420541071,-33307.900790041196,-0.038461538461538464,False
2025-04-01,APAC,TRAVEL,-6250.0,-6062.5,-187.5,0.030927835051546393,False
2025-04-01,EU,COGS,-393142.1654549701,-385279.32214587065,-7862.843309099437,0.020408163265306214,False
2025-04-01,EU,IT,-9166.666666666666,-8891.666666666666,-275.0,0.030927835051546393,False
2025-04-01,EU,MARKETING,-18333.33333333333,-17783.333333333332,-549.9999999999964,0.030927835051546188,False
2025-04-01,EU,PAYROLL,-70833.33333333331,-68708.33333333331,-2125.0,0.0309278350515464,False
2025-04-01,EU,REV,836472.6924573833,869931.6001556786,-33458.90769829531,-0.03846153846153844,False
2025-04-01,EU,TRAVEL,-6250.0,-6062.5,-187.5,0.030927835051546393,False
2025-04-01,OTHER,COGS,-363124.928737535,-355862.4301627843,-7262.498574750731,0.020408163265306208,False
2025-04-01,OTHER,IT,-9166.666666666666,-8891.666666666666,-275.0,0.030927835051546393,False
2025-04-01,OTHER,MARKETING,-18333.33333333333,-17783.333333333332,-549.9999999999964,0.030927835051546188,False
2025-04-01,OTHER,PAYROLL,-70833.33333333331,-68708.33333333331,-2125.0,0.0309278350515464,False
2025-04-01,OTHER,REV,772606.2313564577,803510.4806107159,-30904.249254258233,-0.03846153846153837,False
2025-04-01,OTHER,TRAVEL,-6250.0,-6062.5,-187.5,0.030927835051546393,False
2025-05-01,APAC,COGS,-411863.56210549275,-403626.2908633828,-8237.271242109942,0.020408163265306343,False
2025-05-01,APAC,IT,-9166.666666666666,-8891.666666666666,-275.0,0.030927835051546393,False
2025-05-01,APAC,MARKETING,-18333.33333333333,-17783.333333333332,-549.9999999999964,0.030927835051546188,False
2025-05-01,APAC,PAYROLL,-70833.33333333331,-68708.33333333331,-2125.0,0.0309278350515464,False
2025-05-01,APAC,REV,876305.4512882823,911357.6693398138,-35052.21805153147,-0.03846153846153865,False
2025-05-01,APAC,TRAVEL,-6250.0,-6062.5,-187.5,0.030927835051546393,False
2025-05-01,EU,COGS,-424415.16844112775,-415926.8650723051,-8488.303368822671,0.02040816326530641,False
2025-05-01,EU,IT,-9166.666666666666,-8891.666666666666,-275.0,0.030927835051546393,False
2025-05-01,EU,MARKETING,-18333.33333333333,-17783.333333333332,-549.9999999999964,0.030927835051546188,False
2025-05-01,EU,PAYROLL,-70833.33333333331,-68708.33333333331,-2125.0,0.0309278350515464,False
2025-05-01,EU,REV,903010.9966832504,939131.4365505804,-36120.43986733002,-0.038461538461538464,False
2025-05-01,EU,TRAVEL,-6250.0,-6062.5,-187.5,0.030927835051546393,False
2025-05-01,OTHER,COGS,-429694.57876454096,-421100.6871892501,-8593.89157529088,0.02040816326530627,False
2025-05-01,OTHER,IT,-9166.666666666666,-8891.666666666666,-275.0,0.030927835051546393,False
2025-05-01,OTHER,MARKETING,-18333.33333333333,-17783.333333333332,-549.9999999999964,0.030927835051546188,False
2025-05-01,OTHER,PAYROLL,-70833.33333333331,-68708.33333333331,-2125.0,0.0309278350515464,False
2025-05-01,OTHER,REV,914243.7846054065,950813.5359896227,-36569.751384216244,-0.03846153846153845,False
2025-05-01,OTHER,TRAVEL,-6250.0,-6062.5,-187.5,0.030927835051546393,False
2025-06-01,APAC,COGS,-311236.87958462053,-305012.1419929281,-6224.737591692421,0.02040816326530616,False
2025-06-01,APAC,IT,-9166.666666666666,-8891.666666666666,-275.0,0.030927835051546393,False
2025-06-01,APAC,MARKETING,-18333.33333333333,-17783.333333333332,-549.9999999999964,0.030927835051546188,False
2025-06-01,APAC,PAYROLL,-70833.33333333331,-68708.33333333331,-2125.0,0.0309278350515464,False
2025-06-01,APAC,REV,662206.1267757885,688694.3718468199,-26488.245071031386,-0.03846153846153825,False
2025-06-01,APAC,TRAVEL,-6250.0,-6062.5,-187.5,0.030927835051546393,False
2025-06-01,EU,COGS,-454238.7173644251,-445153.94301713654,-9084.774347288534,0.020408163265306197,False
2025-06-01,EU,IT,-9166.666666666666,-8891.666666666666,-275.0,0.030927835051546393,False
2025-06-01,EU,MARKETING,-18333.33333333333,-17783.333333333332,-549.9999999999964,0.030927835051546188,False
2025-06-01,EU,PAYROLL,-70833.33333333331,-68708.33333333331,-2125.0,0.0309278350515464,False
2025-06-01,EU,REV,966465.3560945216,1005123.9703383023,-38658.61424378073,-0.03846153846153833,False
2025-06-01,EU,TRAVEL,-6250.0,-6062.5,-187.5,0.030927835051546393,False
2025-06-01,OTHER,COGS,-475962.03427908773,-466442.79359350604,-9519.240685581695,0.020408163265305992,False
2025-06-01,OTHER,IT,-9166.666666666666,-8891.666666666666,-275.0,0.030927835051546393,False
2025-06-01,OTHER,MARKETING,-18333.33333333333,-17783.333333333332,-549.9999999999964,0.030927835051546188,False
2025-06-01,OTHER,PAYROLL,-70833.33333333331,-68708.33333333331,-2125.0,0.0309278350515464,False
2025-06-01,OTHER,REV,1012685.179317208,1053192.5864898963,-40507.40717268828,-0.03846153846153843,False
2025-06-01,OTHER,TRAVEL,-6250.0,-6062.5,-187.5,0.030927835051546393,False
2025-07-01,APAC,COGS,-478023.12221243075,-468462.6597681822,-9560.462444248551,0.020408163265305982,False
2025-07-01,APAC,IT,-9166.666666666666,-8891.666666666666,-275.0,0.030927835051546393,False
2025-07-01,APAC,MARKETING,-18333.33333333333,-17783.333333333332,-549.9999999999964,0.030927835051546188,False
2025-07-01,APAC,PAYROLL,-70833.33333333331,-68708.33333333331,-2125.0,0.0309278350515464,False
2025-07-01,APAC,REV,1017070.472792406,1057753.2917041024,-40682.818911696435,-0.03846153846153864,False
2025-07-01,APAC,TRAVEL,-6250.0,-6062.5,-187.5,0.030927835051546393,False
2025-07-01,EU,COGS,-425647.30927413946,-417134.36308865674,-8512.946185482724,0.020408163265305965,False
2025-07-01,EU,IT,-9166.666666666666,-8891.666666666666,-275.0,0.030927835051546393,False
2025-07-01,EU,MARKETING,-18333.33333333333,-17783.333333333332,-549.9999999999964,0.030927835051546188,False
2025-07-01,EU,PAYROLL,-70833.33333333331,-68708.33333333331,-2125.0,0.0309278350515464,False
2025-07-01,EU,REV,905632.5729237009,941857.8758406492,-36225.302916948334,-0.03846153846153877,False
2025-07-01,EU,TRAVEL,-6250.0,-6062.5,-187.5,0.030927835051546393,False
2025-07-01,OTHER,COGS,-219427.50340479825,-215038.95333670225,-4388.550068095996,0.02040816326530627,False
2025-07-01,OTHER,IT,-9166.666666666666,-8891.666666666666,-275.0,0.030927835051546393,False
2025-07-01,OTHER,MARKETING,-18333.33333333333,-17783.333333333332,-549.9999999999964,0.030927835051546188,False
2025-07-01,OTHER,PAYROLL,-70833.33333333331,-68708.33333333331,-2125.0,0.0309278350515464,False
2025-07-01,OTHER,REV,466867.02852084744,485541.7096616813,-18674.681140833884,-0.038461538461538436,False
2025-07-01,OTHER,TRAVEL,-6250.0,-6062.5,-187.5,0.030927835051546393,False
2025-08-01,APAC,COGS,-454586.1708567942,-445494.44743965846,-9091.72341713577,0.02040816326530586,False
2025-08-01,APAC,IT,-9166.666666666666,-8891.666666666666,-275.0,0.030927835051546393,False
2025-08-01,APAC,MARKETING,-18333.33333333333,-17783.333333333332,-549.9999999999964,0.030927835051546188,False
2025-08-01,APAC,PAYROLL,-70833.33333333331,-68708.33333333331,-2125.0,0.0309278350515464,False
2025-08-01,APAC,REV,967204.6188442431,1005892.8035980128,-38688.18475376966,-0.0384615384615384,False
2025-08-01,APAC,TRAVEL,-6250.0,-6062.5,-187.5,0.030927835051546393,False
2025-08-01,EU,COGS,-382877.7352406588,-375220.18053584563,-7657.55470481317,0.020408163265306107,False
2025-08-01,EU,IT,-9166.666666666666,-8891.666666666666,-275.0,0.030927835051546393,False
2025-08-01,EU,MARKETING,-18333.33333333333,-17783.333333333332,-549.9999999999964,0.030927835051546188,False
2025-08-01,EU,PAYROLL,-70833.33333333331,-68708.33333333331,-2125.0,0.0309278350515464,False
2025-08-01,EU,REV,814633.4792354443,847218.8184048622,-32585.339169417857,-0.038461538461538554,False
2025-08-01,EU,TRAVEL,-6250.0,-6062.5,-187.5,0.030927835051546393,False
2025-08-01,OTHER,COGS,-300412.70165301365,-294404.44761995337,-6008.254033060279,0.02040816326530614,False
2025-08-01,OTHER,IT,-9166.666666666666,-8891.666666666666,-275.0,0.030927835051546393,False
2025-08-01,OTHER,MARKETING,-18333.33333333333,-17783.333333333332,-549.9999999999964,0.030927835051546188,False
2025-08-01,OTHER,PAYROLL,-70833.33333333331,-68708.33333333331,-2125.0,0.0309278350515464,False
2025-08-01,OTHER,REV,639175.9609638589,664742.9994024133,-25567.038438554388,-0.038461538461538505,False
2025-08-01,OTHER,TRAVEL,-6250.0,-6062.5,-187.5,0.030927835051546393,False
2025-09-01,APAC,COGS,-314308.08386368834,-308021.9221864146,-6286.161677273747,0.02040816326530606,False
2025-09-01,APAC,IT,-9166.666666666666,-8891.666666666666,-275.0,0.030927835051546393,False
2025-09-01,APAC,MARKETING,-18333.33333333333,-17783.333333333332,-549.9999999999964,0.030927835051546188,False
2025-09-01,APAC,PAYROLL,-70833.33333333331,-68708.33333333331,-2125.0,0.0309278350515464,False
2025-09-01,APAC,REV,668740.6039652944,695490.2281239062,-26749.624158611754,-0.03846153846153843,False
2025-09-01,APAC,TRAVEL,-6250.0,-6062.5,-187.5,0.030927835051546393,False
2025-09-01,EU,COGS,-418855.00175719114,-410477.90172204736,-8377.100035143783,0.020408163265306024,False
2025-09-01,EU,IT,-9166.666666666666,-8891.666666666666,-275.0,0.030927835051546393,False
2025-09-01,EU,MARKETING,-18333.33333333333,-17783.333333333332,-549.9999999999964,0.030927835051546188,False
2025-09-01,EU,PAYROLL,-70833.33333333331,-68708.33333333331,-2125.0,0.0309278350515464,False
2025-09-01,EU,REV,891180.8548025346,926828.088994636,-35647.2341921014,-0.03846153846153848,False
2025-09-01,EU,TRAVEL,-6250.0,-6062.5,-187.5,0.030927835051546393,False
2025-09-01,OTHER,COGS,-267396.1618778565,-262048.2386402993,-5347.923237557174,0.020408163265306294,False
2025-09-01,OTHER,IT,-9166.666666666666,-8891.666666666666,-275.0,0.030927835051546393,False
2025-09-01,OTHER,MARKETING,-18333.33333333333,-17783.333333333332,-549.9999999999964,0.030927835051546188,False
2025-09-01,OTHER,PAYROLL,-70833.33333333331,-68708.33333333331,-2125.0,0.0309278350515464,False
2025-09-01,OTHER,REV,568928.0039954394,591685.124155257,-22757.120159817627,-0.03846153846153855,False
2025-09-01,OTHER,TRAVEL,-6250.0,-6062.5,-187.5,0.030927835051546393,False
2025-10-01,APAC,COGS,-269181.51694941,-263797.8866104218,-5383.630338988209,0.020408163265306156,False
2025-10-01,APAC,IT,-9166.666666666666,-8891.666666666666,-275.0,0.030927835051546393,False
2025-10-01,APAC,MARKETING,-18333.33333333333,-17783.333333333332,-549.9999999999964,0.030927835051546188,False
2025-10-01,APAC,PAYROLL,-70833.33333333331,-68708.33333333331,-2125.0,0.0309278350515464,False
2025-10-01,APAC,REV,572726.6318072554,595635.6970795457,-22909.06527229026,-0.038461538461538526,False
2025-10-01,APAC,TRAVEL,-6250.0,-6062.5,-187.5,0.030927835051546393,False
2025-10-01,EU,COGS,-302337.39967552194,-296290.6516820115,-6046.747993510449,0.02040816326530616,False
2025-10-01,EU,IT,-9166.666666666666,-8891.666666666666,-275.0,0.030927835051546393,False
2025-10-01,EU,MARKETING,-18333.33333333333,-17783.333333333332,-549.9999999999964,0.030927835051546188,False
2025-10-01,EU,PAYROLL,-70833.33333333331,-68708.33333333331,-2125.0,0.0309278350515464,False
2025-10-01,EU,REV,643271.0631394085,669001.9056649847,-25730.84252557624,-0.03846153846153832,False
2025-10-01,EU,TRAVEL,-6250.0,-6062.5,-187.5,0.030927835051546393,False
2025-10-01,OTHER,COGS,-377076.85069327214,-369535.31367940665,-7541.5370138654835,0.020408163265306235,False
2025-10-01,OTHER,IT,-9166.666666666666,-8891.666666666666,-275.0,0.030927835051546393,False
2025-10-01,OTHER,MARKETING,-18333.33333333333,-17783.333333333332,-549.9999999999964,0.030927835051546188,False
2025-10-01,OTHER,PAYROLL,-70833.33333333331,-68708.33333333331,-2125.0,0.0309278350515464,False
2025-10-01,OTHER,REV,802291.171687813,834382.8185553255,-32091.646867512492,-0.03846153846153843,False
2025-10-01,OTHER,TRAVEL,-6250.0,-6062.5,-187.5,0.030927835051546393,False
2025-11-01,APAC,COGS,-254179.80214282355,-249096.20609996704,-5083.596042856516,0.020408163265306305,False
2025-11-01,APAC,IT,-9166.666666666666,-8891.666666666666,-275.0,0.030927835051546393,False
2025-11-01,APAC,MARKETING,-18333.33333333333,-17783.333333333332,-549.9999999999964,0.030927835051546188,False
2025-11-01,APAC,PAYROLL,-70833.33333333331,-68708.33333333331,-2125.0,0.0309278350515464,False
2025-11-01,APAC,REV,540808.089665582,562440.4132522054,-21632.3235866233,-0.03846153846153849,False
2025-11-01,APAC,TRAVEL,-6250.0,-6062.5,-187.5,0.030927835051546393,False
2025-11-01,EU,COGS,-444106.58175033936,-435224.45011533255,-8882.131635006808,0.020408163265306173,False
2025-11-01,EU,IT,-9166.666666666666,-8891.666666666666,-275.0,0.030927835051546393,False
2025-11-01,EU,MARKETING,-18333.33333333333,-17783.333333333332,-549.9999999999964,0.030927835051546188,False
2025-11-01,EU,PAYROLL,-70833.33333333331,-68708.33333333331,-2125.0,0.0309278350515464,False
2025-11-01,EU,REV,944907.620745403,982703.9255752192,-37796.30482981622,-0.038461538461538554,False
2025-11-01,EU,TRAVEL,-6250.0,-6062.5,-187.5,0.030927835051546393,False
2025-11-01,OTHER,COGS,-377442.9996254125,-369894.1396329042,-7548.859992508311,0.02040816326530629,False
2025-11-01,OTHER,IT,-9166.666666666666,-8891.666666666666,-275.0,0.030927835051546393,False
2025-11-01,OTHER,MARKETING,-18333.33333333333,-17783.333333333332,-549.9999999999964,0.030927835051546188,False
2025-11-01,OTHER,PAYROLL,-70833.33333333331,-68708.33333333331,-2125.0,0.0309278350515464,False
2025-11-01,OTHER,REV,803070.2119689628,835193.0204477214,-32122.808478758554,-0.03846153846153851,False
2025-11-01,OTHER,TRAVEL,-6250.0,-6062.5,-187.5,0.030927835051546393,False
2025-12-01,APAC,COGS,-400424.2338392639,-392415.7491624785,-8008.484676785418,0.020408163265306485,False
2025-12-01,APAC,IT,-9166.666666666666,-8891.666666666666,-275.0,0.030927835051546393,False
2025-12-01,APAC,MARKETING,-18333.33333333333,-17783.333333333332,-549.9999999999964,0.030927835051546188,False
2025-12-01,APAC,PAYROLL,-70833.33333333331,-68708.33333333331,-2125.0,0.0309278350515464,False
2025-12-01,APAC,REV,851966.4549771572,886045.1131762434,-34078.6581990862,-0.03846153846153837,False
2025-12-01,APAC,TRAVEL,-6250.0,-6062.5,-187.5,0.030927835051546393,False
2025-12-01,EU,COGS,-294748.6386865182,-288853.66591278784,-5894.972773730347,0.020408163265306065,False
2025-12-01,EU,IT,-9166.666666666666,-8891.666666666666,-275.0,0.030927835051546393,False
2025-12-01,EU,MARKETING,-18333.33333333333,-17783.333333333332,-549.9999999999964,0.030927835051546188,False
2025-12-01,EU,PAYROLL,-70833.33333333331,-68708.33333333331,-2125.0,0.0309278350515464,False
2025-12-01,EU,REV,627124.7631628047,652209.7536893169,-25084.990526512265,-0.03846153846153858,False
2025-12-01,EU,TRAVEL,-6250.0,-6062.5,-187.5,0.030927835051546393,False
2025-12-01,OTHER,COGS,-289952.43949750345,-284153.39070755336,-5799.048789950088,0.02040816326530619,False
2025-12-01,OTHER,IT,-9166.666666666666,-8891.666666666666,-275.0,0.030927835051546393,False
2025-12-01,OTHER,MARKETING,-18333.33333333333,-17783.333333333332,-549.9999999999964,0.030927835051546188,False
2025-12-01,OTHER,PAYROLL,-70833.33333333331,-68708.33333333331,-2125.0,0.0309278350515464,False
2025-12-01,OTHER,REV,616920.0840372414,641596.8873987311,-24676.80336148967,-0.038461538461538484,False
2025-12-01,OTHER,TRAVEL,-6250.0,-6062.5,-187.5,0.030927835051546393,False
2026-01-01,APAC,COGS,-402598.8165337653,-394546.8402030901,-8051.976330675185,0.02040816326530581,False
2026-01-01,APAC,IT,-9166.666666666666,-8891.666666666666,-275.0,0.030927835051546393,False
2026-01-01,APAC,MARKETING,-18333.33333333333,-17783.333333333332,-549.9999999999964,0.030927835051546188,False
2026-01-01,APAC,PAYROLL,-70833.33333333331,-68708.33333333331,-2125.0,0.0309278350515464,False
2026-01-01,APAC,REV,856593.2266675859,890856.9557342894,-34263.72906670347,-0.0384615384615385,False
2026-01-01,APAC,TRAVEL,-6250.0,-6062.5,-187.5,0.030927835051546393,False
2026-01-01,EU,COGS,-399930.76352003077,-391932.14824963023,-7998.615270400536,0.020408163265305916,False
2026-01-01,EU,IT,-9166.666666666666,-8891.666666666666,-275.0,0.030927835051546393,False
2026-01-01,EU,MARKETING,-18333.33333333333,-17783.333333333332,-549.9999999999964,0.030927835051546188,False
2026-01-01,EU,PAYROLL,-70833.33333333331,-68708.33333333331,-2125.0,0.0309278350515464,False
2026-01-01,EU,REV,850916.5181277251,884953.1788528344,-34036.66072510928,-0.03846153846153876,False
2026-01-01,EU,TRAVEL,-6250.0,-6062.5,-187.5,0.030927835051546393,False
2026-01-01,OTHER,COGS,-371171.8523859885,-363748.41533826885,-7423.437047719664,0.020408163265305826,False
2026-01-01,OTHER,IT,-9166.666666666666,-8891.666666666666,-275.0,0.030927835051546393,False
2026-01-01,OTHER,MARKETING,-18333.33333333333,-17783.333333333332,-549.9999999999964,0.030927835051546188,False
2026-01-01,OTHER,PAYROLL,-70833.33333333331,-68708.33333333331,-2125.0,0.0309278350515464,False
2026-01-01,OTHER,REV,789727.3455021031,821316.4393221873,-31589.093820084236,-0.038461538461538596,False
2026-01-01,OTHER,TRAVEL,-6250.0,-6062.5,-187.5,0.030927835051546393,False
2026-02-01,APAC,COGS,-302957.9536966639,-296898.79462273064,-6059.1590739332605,0.020408163265306062,False
2026-02-01,APAC,IT,-9166.666666666666,-8891.666666666666,-275.0,0.030927835051546393,False
2026-02-01,APAC,MARKETING,-18333.33333333333,-17783.333333333332,-549.9999999999964,0.030927835051546188,False
2026-02-01,APAC,PAYROLL,-70833.33333333331,-68708.33333333331,-2125.0,0.0309278350515464,False
2026-02-01,APAC,REV,644591.3908439658,670375.0464777243,-25783.65563375852,-0.038461538461538304,False
2026-02-01,APAC,TRAVEL,-6250.0,-6062.5,-187.5,0.030927835051546393,False
2026-02-01,EU,COGS,-490845.3118178896,-481028.4055815318,-9816.906236357812,0.020408163265306166,False
2026-02-01,EU,IT,-9166.666666666666,-8891.666666666666,-275.0,0.030927835051546393,False
2026-02-01,EU,MARKETING,-18333.33333333333,-17783.333333333332,-549.9999999999964,0.030927835051546188,False
2026-02-01,EU,PAYROLL,-70833.33333333331,-68708.33333333331,-2125.0,0.0309278350515464,False
2026-02-01,EU,REV,1044351.7272721056,1086125.7963629898,-41774.06909088418,-0.03846153846153842,False
2026-02-01,EU,TRAVEL,-6250.0,-6062.5,-187.5,0.030927835051546393,False
2026-02-01,OTHER,COGS,-394737.4616991907,-386842.71246520686,-7894.7492339838645,0.020408163265306256,False
2026-02-01,OTHER,IT,-9166.666666666666,-8891.666666666666,-275.0,0.030927835051546393,False
2026-02-01,OTHER,MARKETING,-18333.33333333333,-17783.333333333332,-549.9999999999964,0.030927835051546188,False
2026-02-01,OTHER,PAYROLL,-70833.33333333331,-68708.33333333331,-2125.0,0.0309278350515464,False
2026-02-01,OTHER,REV,839866.9397855124,873461.6173769328,-33594.67759142036,-0.03846153846153831,False
2026-02-01,OTHER,TRAVEL,-6250.0,-6062.5,-187.5,0.030927835051546393,False
2026-03-01,APAC,COGS,-324247.878419959,-317762.9208515598,-6484.957568399201,0.02040816326530619,False
2026-03-01,APAC,IT,-9166.666666666666,-8891.666666666666,-275.0,0.030927835051546393,False
2026-03-01,APAC,MARKETING,-18333.33333333333,-17783.333333333332,-549.9999999999964,0.030927835051546188,False
2026-03-01,APAC,PAYROLL,-70833.33333333331,-68708.33333333331,-2125.0,0.0309278350515464,False
2026-03-01,APAC,REV,689889.1030211893,717484.6671420371,-27595.564120847732,-0.03846153846153867,False
2026-03-01,APAC,TRAVEL,-6250.0,-6062.5,-187.5,0.030927835051546393,False
2026-03-01,EU,COGS,-344494.1729564714,-337604.289497342,-6889.883459129371,0.02040816326530595,False
2026-03-01,EU,IT,-9166.666666666666,-8891.666666666666,-275.0,0.030927835051546393,False
2026-03-01,EU,MARKETING,-18333.33333333333,-17783.333333333332,-549.9999999999964,0.030927835051546188,False
2026-03-01,EU,PAYROLL,-70833.33333333331,-68708.33333333331,-2125.0,0.0309278350515464,False
2026-03-01,EU,REV,732966.325439301,762284.978456873,-29318.65301757201,-0.03846153846153843,False
2026-03-01,EU,TRAVEL,-6250.0,-6062.5,-187.5,0.030927835051546393,False
2026-03-01,OTHER,COGS,-401442.0174473921,-393413.1770984442,-8028.84034894791,0.020408163265306298,False
2026-03-01,OTHER,IT,-9166.666666666666,-8891.666666666666,-275.0,0.030927835051546393,False
2026-03-01,OTHER,MARKETING,-18333.33333333333,-17783.333333333332,-549.9999999999964,0.030927835051546188,False
2026-03-01,OTHER,PAYROLL,-70833.33333333331,-68708.33333333331,-2125.0,0.0309278350515464,False
2026-03-01,OTHER,REV,854131.9520157278,888297.2300963571,-34165.2780806293,-0.038461538461538665,False
2026-03-01,OTHER,TRAVEL,-6250.0,-6062.5,-187.5,0.030927835051546393,False
2026-04-01,APAC,COGS,-383365.6505771224,-375698.33756558,-7667.313011542428,0.02040816326530607,False
2026-04-01,APAC,IT,-9166.666666666666,-8891.666666666666,-275.0,0.030927835051546393,False
2026-04-01,APAC,MARKETING,-18333.33333333333,-17783.333333333332,-549.9999999999964,0.030927835051546188,False
2026-04-01,APAC,PAYROLL,-70833.33333333331,-68708.33333333331,-2125.0,0.0309278350515464,False
2026-04-01,APAC,REV,815671.5969726009,848298.4608515048,-32626.86387890391,-0.03846153846153832,False
2026-04-01,APAC,TRAVEL,-6250.0,-6062.5,-187.5,0.030927835051546393,False
2026-04-01,EU,COGS,-344478.63682659104,-337589.06409005914,-6889.5727365319035,0.02040816326530637,False
2026-04-01,EU,IT,-9166.666666666666,-8891.666666666666,-275.0,0.030927835051546393,False
2026-04-01,EU,MARKETING,-18333.33333333333,-17783.333333333332,-549.9999999999964,0.030927835051546188,False
2026-04-01,EU,PAYROLL,-70833.33333333331,-68708.33333333331,-2125.0,0.0309278350515464,False
2026-04-01,EU,REV,732933.2698438106,762250.6006375632,-29317.330793752568,-0.038461538461538644,False
2026-04-01,EU,TRAVEL,-6250.0,-6062.5,-187.5,0.030927835051546393,False
2026-04-01,OTHER,COGS,-432902.65951485385,-424244.6063245567,-8658.053190297156,0.02040816326530631,False
2026-04-01,OTHER,IT,-9166.666666666666,-8891.666666666666,-275.0,0.030927835051546393,False
2026-04-01,OTHER,MARKETING,-18333.33333333333,-17783.333333333332,-549.9999999999964,0.030927835051546188,False
2026-04-01,OTHER,PAYROLL,-70833.33333333331,-68708.33333333331,-2125.0,0.0309278350515464,False
2026-04-01,OTHER,REV,921069.4883294762,957912.2678626551,-36842.779533178895,-0.038461538461538304,False
2026-04-01,OTHER,TRAVEL,-6250.0,-6062.5,-187.5,0.030927835051546393,False
2026-05-01,APAC,COGS,-433351.40067039337,-424684.3726569855,-8667.028013407893,0.020408163265306183,False
2026-05-01,APAC,IT,-9166.666666666666,-8891.666666666666,-275.0,0.030927835051546393,False
2026-05-01,APAC,MARKETING,-18333.33333333333,-17783.333333333332,-549.9999999999964,0.030927835051546188,False
2026-05-01,APAC,PAYROLL,-70833.33333333331,-68708.33333333331,-2125.0,0.0309278350515464,False
2026-05-01,APAC,REV,922024.2567455178,958905.2270153386,-36880.97026982077,-0.03846153846153852,False
2026-05-01,APAC,TRAVEL,-6250.0,-6062.5,-187.5,0.030927835051546393,False
2026-05-01,EU,COGS,-391615.8440304015,-383783.52714979346,-7832.316880608036,0.020408163265306138,False
2026-05-01,EU,IT,-9166.666666666666,-8891.666666666666,-275.0,0.030927835051546393,False
2026-05-01,EU,MARKETING,-18333.33333333333,-17783.333333333332,-549.9999999999964,0.030927835051546188,False
2026-05-01,EU,PAYROLL,-70833.33333333331,-68708.33333333331,-2125.0,0.0309278350515464,False
2026-05-01,EU,REV,833225.2000646839,866554.2080672713,-33329.00800258736,-0.038461538461538464,False
2026-05-01,EU,TRAVEL,-6250.0,-6062.5,-187.5,0.030927835051546393,False
2026-05-01,OTHER,COGS,-283859.7231182709,-278182.52865590545,-5677.194462365471,0.020408163265306315,False
2026-05-01,OTHER,IT,-9166.666666666666,-8891.666666666666,-275.0,0.030927835051546393,False
2026-05-01,OTHER,MARKETING,-18333.33333333333,-17783.333333333332,-549.9999999999964,0.030927835051546188,False
2026-05-01,OTHER,PAYROLL,-70833.33333333331,-68708.33333333331,-2125.0,0.0309278350515464,False
2026-05-01,OTHER,REV,603956.8576984487,628115.1320063865,-24158.274307937827,-0.038461538461538276,False
2026-05-01,OTHER,TRAVEL,-6250.0,-6062.5,-187.5,0.030927835051546393,False
2026-06-01,APAC,COGS,-319952.6544192505,-313553.6013308655,-6399.0530883849715,0.020408163265305996,False
2026-06-01,APAC,IT,-9166.666666666666,-8891.666666666666,-275.0,0.030927835051546393,False
2026-06-01,APAC,MARKETING,-18333.33333333333,-17783.333333333332,-549.9999999999964,0.030927835051546188,False
2026-06-01,APAC,PAYROLL,-70833.33333333331,-68708.33333333331,-2125.0,0.0309278350515464,False
2026-06-01,APAC,REV,680750.3285515968,707980.3416936606,-27230.013142063748,-0.03846153846153829,False
2026-06-01,APAC,TRAVEL,-6250.0,-6062.5,-187.5,0.030927835051546393,False
2026-06-01,EU,COGS,-372614.1969328847,-365161.91299422685,-7452.283938657842,0.020408163265306537,False
2026-06-01,EU,IT,-9166.666666666666,-8891.666666666666,-275.0,0.030927835051546393,False
2026-06-01,EU,MARKETING,-18333.33333333333,-17783.333333333332,-549.9999999999964,0.030927835051546188,False
2026-06-01,EU,PAYROLL,-70833.33333333331,-68708.33333333331,-2125.0,0.0309278350515464,False
2026-06-01,EU,REV,792796.1636869886,824508.0102344683,-31711.846547479625,-0.038461538461538554,False
2026-06-01,EU,TRAVEL,-6250.0,-6062.5,-187.5,0.030927835051546393,False
2026-06-01,OTHER,COGS,-253933.0300799081,-248854.36947831,-5078.660601598094,0.020408163265305847,False
2026-06-01,OTHER,IT,-9166.666666666666,-8891.666666666666,-275.0,0.030927835051546393,False
2026-06-01,OTHER,MARKETING,-18333.33333333333,-17783.333333333332,-549.9999999999964,0.030927835051546188,False
2026-06-01,OTHER,PAYROLL,-70833.33333333331,-68708.33333333331,-2125.0,0.0309278350515464,False
2026-06-01,OTHER,REV,540283.0427232088,561894.3644321371,-21611.321708928328,-0.03846153846153842,False
2026-06-01,OTHER,TRAVEL,-6250.0,-6062.5,-187.5,0.030927835051546393,False
2026-07-01,APAC,COGS,-331541.854499783,-324911.0174097873,-6630.837089995737,0.020408163265306364,False
2026-07-01,APAC,IT,-9166.666666666666,-8891.666666666666,-275.0,0.030927835051546393,False
2026-07-01,APAC,MARKETING,-18333.33333333333,-17783.333333333332,-549.9999999999964,0.030927835051546188,False
2026-07-01,APAC,PAYROLL,-70833.33333333331,-68708.33333333331,-2125.0,0.0309278350515464,False
2026-07-01,APAC,REV,705408.2010633681,733624.529105903,-28216.32804253488,-0.038461538461538665,False
2026-07-01,APAC,TRAVEL,-6250.0,-6062.5,-187.5,0.030927835051546393,False
2026-07-01,EU,COGS,-374560.13815690216,-367068.93539376406,-7491.202763138106,0.020408163265306298,False
2026-07-01,EU,IT,-9166.666666666666,-8891.666666666666,-275.0,0.030927835051546393,False
2026-07-01,EU,MARKETING,-18333.33333333333,-17783.333333333332,-549.9999999999964,0.030927835051546188,False
2026-07-01,EU,PAYROLL,-70833.33333333331,-68708.33333333331,-2125.0,0.0309278350515464,False
2026-07-01,EU,REV,796936.4641636218,828813.9227301666,-31877.45856654481,-0.038461538461538394,False
2026-07-01,EU,TRAVEL,-6250.0,-6062.5,-187.5,0.030927835051546393,False
2026-07-01,OTHER,COGS,-450457.304210859,-441448.1581266418,-9009.14608421718,0.02040816326530612,False
2026-07-01,OTHER,IT,-9166.666666666666,-8891.666666666666,-275.0,0.030927835051546393,False
2026-07-01,OTHER,MARKETING,-18333.33333333333,-17783.333333333332,-549.9999999999964,0.030927835051546188,False
2026-07-01,OTHER,PAYROLL,-70833.33333333331,-68708.33333333331,-2125.0,0.0309278350515464,False
2026-07-01,OTHER,REV,958419.796193317,996756.5880410499,-38336.79184773285,-0.03846153846153862,False
2026-07-01,OTHER,TRAVEL,-6250.0,-6062.5,-187.5,0.030927835051546393,False
2026-08-01,APAC,COGS,-487419.44759668905,-477671.0586447554,-9748.388951933652,0.020408163265305847,False
2026-08-01,APAC,IT,-9166.666666666666,-8891.666666666666,-275.0,0.030927835051546393,False
2026-08-01,APAC,MARKETING,-18333.33333333333,-17783.333333333332,-549.9999999999964,0.030927835051546188,False
2026-08-01,APAC,PAYROLL,-70833.33333333331,-68708.33333333331,-2125.0,0.0309278350515464,False
2026-08-01,APAC,REV,1037062.6544610407,1078545.1606394823,-41482.506178441574,-0.038461538461538415,False
2026-08-01,APAC,TRAVEL,-6250.0,-6062.5,-187.5,0.030927835051546393,False
2026-08-01,EU,COGS,-291461.44877289736,-285632.21979743947,-5829.228975457896,0.02040816326530594,False
2026-08-01,EU,IT,-9166.666666666666,-8891.666666666666,-275.0,0.030927835051546393,False
2026-08-01,EU,MARKETING,-18333.33333333333,-17783.333333333332,-549.9999999999964,0.030927835051546188,False
2026-08-01,EU,PAYROLL,-70833.33333333331,-68708.33333333331,-2125.0,0.0309278350515464,False
2026-08-01,EU,REV,620130.7420699946,644935.9717527943,-24805.229682799778,-0.03846153846153846,False
2026-08-01,EU,TRAVEL,-6250.0,-6062.5,-187.5,0.030927835051546393,False
2026-08-01,OTHER,COGS,-328240.22028929216,-321675.4158835063,-6564.804405785864,0.02040816326530619,False
2026-08-01,OTHER,IT,-9166.666666666666,-8891.666666666666,-275.0,0.030927835051546393,False
2026-08-01,OTHER,MARKETING,-18333.33333333333,-17783.333333333332,-549.9999999999964,0.030927835051546188,False
2026-08-01,OTHER,PAYROLL,-70833.33333333331,-68708.33333333331,-2125.0,0.0309278350515464,False
2026-08-01,OTHER,REV,698383.447424026,726318.785320987,-27935.33789696102,-0.038461538461538436,False
2026-08-01,OTHER,TRAVEL,-6250.0,-6062.5,-187.5,0.030927835051546393,False
2026-09-01,APAC,COGS,-372822.0492155692,-365365.6082312577,-7456.440984311514,0.02040816326530648,False
2026-09-01,APAC,IT,-9166.666666666666,-8891.666666666666,-275.0,0.030927835051546393,False
2026-09-01,APAC,MARKETING,-18333.33333333333,-17783.333333333332,-549.9999999999964,0.030927835051546188,False
2026-09-01,APAC,PAYROLL,-70833.33333333331,-68708.33333333331,-2125.0,0.0309278350515464,False
2026-09-01,APAC,REV,793238.4025863174,824967.9386897702,-31729.53610345279,-0.03846153846153857,False
2026-09-01,APAC,TRAVEL,-6250.0,-6062.5,-187.5,0.030927835051546393,False
2026-09-01,EU,COGS,-348125.02212630346,-341162.5216837774,-6962.50044252607,0.020408163265306124,False
2026-09-01,EU,IT,-9166.666666666666,-8891.666666666666,-275.0,0.030927835051546393,False
2026-09-01,EU,MARKETING,-18333.33333333333,-17783.333333333332,-549.9999999999964,0.030927835051546188,False
2026-09-01,EU,PAYROLL,-70833.33333333331,-68708.33333333331,-2125.0,0.0309278350515464,False
2026-09-01,EU,REV,740691.5364389436,770319.1978965014,-29627.661457557813,-0.03846153846153855,False
2026-09-01,EU,TRAVEL,-6250.0,-6062.5,-187.5,0.030927835051546393,False
2026-09-01,OTHER,COGS,-400649.3367716705,-392636.3500362371,-8012.986735433398,0.020408163265306093,False
2026-09-01,OTHER,IT,-9166.666666666666,-8891.666666666666,-275.0,0.030927835051546393,False
2026-09-01,OTHER,MARKETING,-18333.33333333333,-17783.333333333332,-549.9999999999964,0.030927835051546188,False
2026-09-01,OTHER,PAYROLL,-70833.33333333331,-68708.33333333331,-2125.0,0.0309278350515464,False
2026-09-01,OTHER,REV,852445.397386533,886543.2132819943,-34097.81589546136,-0.038461538461538505,False
2026-09-01,OTHER,TRAVEL,-6250.0,-6062.5,-187.5,0.030927835051546393,False
2026-10-01,APAC,COGS,-332741.74795373983,-326086.912994665,-6654.834959074855,0.020408163265306305,False
2026-10-01,APAC,IT,-9166.666666666666,-8891.666666666666,-275.0,0.030927835051546393,False
2026-10-01,APAC,MARKETING,-18333.33333333333,-17783.333333333332,-549.9999999999964,0.030927835051546188,False
2026-10-01,APAC,PAYROLL,-70833.33333333331,-68708.33333333331,-2125.0,0.0309278350515464,False
2026-10-01,APAC,REV,707961.1658590209,736279.6124933817,-28318.446634360822,-0.03846153846153844,False
2026-10-01,APAC,TRAVEL,-6250.0,-6062.5,-187.5,0.030927835051546393,False
2026-10-01,EU,COGS,-395754.4328853914,-387839.3442276836,-7915.088657707791,0.020408163265306024,False
2026-10-01,EU,IT,-9166.666666666666,-8891.666666666666,-275.0,0.030927835051546393,False
2026-10-01,EU,MARKETING,-18333.33333333333,-17783.333333333332,-549.9999999999964,0.030927835051546188,False
2026-10-01,EU,PAYROLL,-70833.33333333331,-68708.33333333331,-2125.0,0.0309278350515464,False
2026-10-01,EU,REV,842030.7082667903,875711.9365974619,-33681.22833067167,-0.038461538461538526,False
2026-10-01,EU,TRAVEL,-6250.0,-6062.5,-187.5,0.030927835051546393,False
2026-10-01,OTHER,COGS,-268268.0290520473,-262902.66847100627,-5365.360581041023,0.02040816326530642,False
2026-10-01,OTHER,IT,-9166.666666666666,-8891.666666666666,-275.0,0.030927835051546393,False
2026-10-01,OTHER,MARKETING,-18333.33333333333,-17783.333333333332,-549.9999999999964,0.030927835051546188,False
2026-10-01,OTHER,PAYROLL,-70833.33333333331,-68708.33333333331,-2125.0,0.0309278350515464,False
2026-10-01,OTHER,REV,570783.0405362707,593614.3621577215,-22831.32162145083,-0.038461538461538464,False
2026-10-01,OTHER,TRAVEL,-6250.0,-6062.5,-187.5,0.030927835051546393,False
2026-11-01,APAC,COGS,-458309.0762586724,-449142.8947334989,-9166.18152517348,0.020408163265306197,False
2026-11-01,APAC,IT,-9166.666666666666,-8891.666666666666,-275.0,0.030927835051546393,False
2026-11-01,APAC,MARKETING,-18333.33333333333,-17783.333333333332,-549.9999999999964,0.030927835051546188,False
2026-11-01,APAC,PAYROLL,-70833.33333333331,-68708.33333333331,-2125.0,0.0309278350515464,False
2026-11-01,APAC,REV,975125.694167388,1014130.7219340836,-39005.027766695595,-0.03846153846153853,False
2026-11-01,APAC,TRAVEL,-6250.0,-6062.5,-187.5,0.030927835051546393,False
2026-11-01,EU,COGS,-329962.88132499845,-323363.62369849853,-6599.2576264999225,0.020408163265305975,False
2026-11-01,EU,IT,-9166.666666666666,-8891.666666666666,-275.0,0.030927835051546393,False
2026-11-01,EU,MARKETING,-18333.33333333333,-17783.333333333332,-549.9999999999964,0.030927835051546188,False
2026-11-01,EU,PAYROLL,-70833.33333333331,-68708.33333333331,-2125.0,0.0309278350515464,False
2026-11-01,EU,REV,702048.6836702095,730130.631017018,-28081.947346808505,-0.03846153846153863,False
2026-11-01,EU,TRAVEL,-6250.0,-6062.5,-187.5,0.030927835051546393,False
2026-11-01,OTHER,COGS,-371259.7896204042,-363834.59382799617,-7425.19579240802,0.020408163265305944,False
2026-11-01,OTHER,IT,-9166.666666666666,-8891.666666666666,-275.0,0.030927835051546393,False
2026-11-01,OTHER,MARKETING,-18333.33333333333,-17783.333333333332,-549.9999999999964,0.030927835051546188,False
2026-11-01,OTHER,PAYROLL,-70833.33333333331,-68708.33333333331,-2125.0,0.0309278350515464,False
2026-11-01,OTHER,REV,789914.4460008602,821511.0238408946,-31596.577840034384,-0.038461538461538436,False
2026-11-01,OTHER,TRAVEL,-6250.0,-6062.5,-187.5,0.030927835051546393,False
2026-12-01,APAC,COGS,-422385.4257941525,-413937.7172782695,-8447.708515882958,0.020408163265305895,False
2026-12-01,APAC,IT,-9166.666666666666,-8891.666666666666,-275.0,0.030927835051546393,False
2026-12-01,APAC,MARKETING,-18333.33333333333,-17783.333333333332,-549.9999999999964,0.030927835051546188,False
2026-12-01,APAC,PAYROLL,-70833.33333333331,-68708.33333333331,-2125.0,0.0309278350515464,False
2026-12-01,APAC,REV,898692.3953067077,934640.0911189759,-35947.69581226818,-0.03846153846153833,False
2026-12-01,APAC,TRAVEL,-6250.0,-6062.5,-187.5,0.030927835051546393,False
2026-12-01,EU,COGS,-353134.3712240561,-346071.68379957497,-7062.687424481148,0.020408163265306197,False
2026-12-01,EU,IT,-9166.666666666666,-8891.666666666666,-275.0,0.030927835051546393,False
2026-12-01,EU,MARKETING,-18333.33333333333,-17783.333333333332,-549.9999999999964,0.030927835051546188,False
2026-12-01,EU,PAYROLL,-70833.33333333331,-68708.33333333331,-2125.0,0.0309278350515464,False
2026-12-01,EU,REV,751349.7260086301,781403.7150489753,-30053.989040345186,-0.038461538461538436,False
2026-12-01,EU,TRAVEL,-6250.0,-6062.5,-187.5,0.030927835051546393,False
2026-12-01,OTHER,COGS,-272779.4243007214,-267323.8358147069,-5455.588486014458,0.02040816326530624,False
2026-12-01,OTHER,IT,-9166.666666666666,-8891.666666666666,-275.0,0.030927835051546393,False
2026-12-01,OTHER,MARKETING,-18333.33333333333,-17783.333333333332,-549.9999999999964,0.030927835051546188,False
2026-12-01,OTHER,PAYROLL,-70833.33333333331,-68708.33333333331,-2125.0,0.0309278350515464,False
2026-12-01,OTHER,REV,580381.7538313221,603597.023984575,-23215.270153252874,-0.03846153846153845,False
2026-12-01,OTHER,TRAVEL,-6250.0,-6062.5,-187.5,0.030927835051546393,False
