,date,region_id,account_id,value_actual,value_budget,variance,variance_pct,material,rolling_mean,rolling_std,z_score,anomaly
0,2024-01-01,APAC,COGS,-303612.9902993109,-297540.7304933247,-6072.259805986191,0.020408163265306038,False,,,,False
18,2024-02-01,APAC,COGS,-365033.8819635181,-357733.2043242477,-7300.677639270376,0.02040816326530616,False,,,,False
36,2024-03-01,APAC,COGS,-306459.9130308284,-300330.71477021184,-6129.198260616568,0.020408163265306128,False,,,,False
54,2024-04-01,APAC,COGS,-385567.2113669032,-377855.867139565,-7711.34422733815,0.02040816326530636,False,-6500.711901957712,693.3753547390978,-1.745998494330639,False
72,2024-05-01,APAC,COGS,-573627.6067643261,-562155.0546290396,-11472.552135286503,0.02040816326530609,False,-6803.369983302822,828.8067196399842,-5.633620048365286,True
90,2024-06-01,APAC,COGS,-294409.92501379905,-288521.7265135231,-5888.198500275961,0.02040816326530605,False,-7737.206413699559,2208.0404950025004,0.8373976462879608,False
108,2024-07-01,APAC,COGS,-406492.53939933307,-398362.6886113464,-8129.850787986652,0.0204081632653061,False,-7429.038428128959,2114.2751254367436,-0.3314669654040067,False
126,2024-08-01,APAC,COGS,-425512.611754334,-417002.35951924726,-8510.252235086751,0.020408163265306298,False,-7771.970258462369,2014.7194754056225,-0.3664440561759815,False
144,2024-09-01,APAC,COGS,-400041.432434748,-392040.60378605296,-8000.828648695025,0.02040816326530629,False,-7973.566024431765,2018.641684393561,-0.01350543014841675,False
162,2024-10-01,APAC,COGS,-192893.0245202481,-189035.1640298431,-3857.860490405001,0.02040816326530633,False,-8285.504422444841,1810.513113313882,2.4455188418578637,False
180,2024-11-01,APAC,COGS,-312591.51717526524,-306339.68683176,-6251.830343505251,0.020408163265305944,False,-7643.257132955982,2576.4033085507854,0.5400655964199185,False
198,2024-12-01,APAC,COGS,-382040.4043303961,-374399.59624378814,-7640.8080866079545,0.02040816326530621,False,-6773.136834325774,1784.3308175646628,-0.4862726371931516,False
216,2025-01-01,APAC,COGS,-333171.9202614095,-326508.4818561813,-6663.438405228197,0.020408163265306145,False,-7065.238432047772,1753.6806903863937,0.2291181222569348,False
234,2025-02-01,APAC,COGS,-304511.55777400674,-298421.3266185266,-6090.231155480142,0.020408163265306145,False,-6820.836368254696,1676.1043762001864,0.4358948184544887,False
252,2025-03-01,APAC,COGS,-228592.0565231345,-224020.2153926718,-4571.841130462708,0.020408163265306204,False,-6417.4995216535945,1466.3017243705197,1.2587166478190046,False
270,2025-04-01,APAC,COGS,-391367.83428298397,-383540.4775973243,-7827.356685659674,0.02040816326530611,False,-5846.001601948209,1392.1255886973593,-1.4232588638539863,False
288,2025-05-01,APAC,COGS,-411863.5621054928,-403626.2908633828,-8237.271242109942,0.020408163265306343,False,-6507.584301157321,1186.3373175040883,-1.4580060118075657,False
306,2025-06-01,APAC,COGS,-311236.87958462053,-305012.1419929281,-6224.73759169242,0.02040816326530616,False,-6838.491117591436,1364.286777359215,0.44987134382921246,False
324,2025-07-01,APAC,COGS,-478023.12221243075,-468462.6597681822,-9560.462444248553,0.020408163265305986,False,-6602.479368438847,1319.4819931881746,-2.2417760083732046,False
342,2025-08-01,APAC,COGS,-454586.1708567942,-445494.4474396585,-9091.72341713577,0.02040816326530586,False,-7085.316708275573,1791.7767798420605,-1.1197860868791123,False
360,2025-09-01,APAC,COGS,-314308.08386368834,-308021.9221864146,-6286.161677273748,0.02040816326530606,False,-7585.565418551511,1875.4359565224565,0.6928542330430703,False
378,2025-10-01,APAC,COGS,-269181.51694941,-263797.8866104218,-5383.63033898821,0.02040816326530616,False,-7871.285509686684,1393.0111493054924,1.785811385600707,False
396,2025-11-01,APAC,COGS,-254179.80214282355,-249096.20609996704,-5083.596042856516,0.020408163265306305,False,-7463.99778524144,1725.8968146599484,1.3792259897379395,False
414,2025-12-01,APAC,COGS,-400424.2338392639,-392415.7491624785,-8008.484676785418,0.020408163265306485,False,-6938.385252032535,1913.3399321563797,-0.5592834847422302,False
432,2026-01-01,APAC,COGS,-402598.8165337653,-394546.8402030901,-8051.976330675186,0.02040816326530581,False,-7235.676432881369,1918.8473622675397,-0.4254115850200712,False
450,2026-02-01,APAC,COGS,-302957.9536966639,-296898.79462273064,-6059.1590739332605,0.020408163265306062,False,-6984.262080619141,1630.480693768222,0.5673805339871056,False
468,2026-03-01,APAC,COGS,-324247.878419959,-317762.9208515598,-6484.957568399201,0.02040816326530619,False,-6478.834690085389,1278.5943585993766,-0.004788757491874527,False
486,2026-04-01,APAC,COGS,-383365.6505771224,-375698.33756558,-7667.313011542428,0.02040816326530607,False,-6511.967338606298,1275.1741555250896,-0.9060297120438295,False
504,2026-05-01,APAC,COGS,-433351.40067039337,-424684.3726569855,-8667.028013407893,0.020408163265306183,False,-6892.581117365335,1210.1920328917492,-1.4662523366663753,False
522,2026-06-01,APAC,COGS,-319952.6544192505,-313553.6013308655,-6399.0530883849715,0.020408163265306,False,-7489.819779123897,1005.8722040953095,1.0843988791995411,False
540,2026-07-01,APAC,COGS,-331541.854499783,-324911.0174097873,-6630.837089995737,0.020408163265306364,False,-7221.581181057157,1053.3699710415349,0.5608134912725039,False
558,2026-08-01,APAC,COGS,-487419.447596689,-477671.0586447554,-9748.388951933652,0.020408163265305847,False,-6984.724640943915,986.9911684010709,-2.8000902130328913,False
576,2026-09-01,APAC,COGS,-372822.0492155692,-365365.6082312577,-7456.440984311514,0.02040816326530648,False,-7599.596287277313,1369.9287418492052,0.1044983571718927,False
594,2026-10-01,APAC,COGS,-332741.74795373983,-326086.912994665,-6654.834959074855,0.020408163265306305,False,-7761.510189929366,1265.2510489729393,0.87466849504124,False
612,2026-11-01,APAC,COGS,-458309.0762586724,-449142.8947334989,-9166.18152517348,0.0204081632653062,False,-7592.763847851437,1345.3108246809245,-1.1695569889547424,False
630,2026-12-01,APAC,COGS,-422385.4257941525,-413937.7172782695,-8447.708515882958,0.020408163265305892,False,-7675.956099812368,1437.3155575732942,-0.5369401395568176,False
1,2024-01-01,APAC,IT,-9166.666666666666,-8891.666666666666,-275.0,0.030927835051546393,False,,,,False
19,2024-02-01,APAC,IT,-9166.666666666666,-8891.666666666666,-275.0,0.030927835051546393,False,,,,False
37,2024-03-01,APAC,IT,-9166.666666666666,-8891.666666666666,-275.0,0.030927835051546393,False,,,,False
55,2024-04-01,APAC,IT,-9166.666666666666,-8891.666666666666,-275.0,0.030927835051546393,False,-275.0,0.0,,False
73,2024-05-01,APAC,IT,-9166.666666666666,-8891.666666666666,-275.0,0.030927835051546393,False,-275.0,0.0,,False
91,2024-06-01,APAC,IT,-9166.666666666666,-8891.666666666666,-275.0,0.030927835051546393,False,-275.0,0.0,,False
109,2024-07-01,APAC,IT,-9166.666666666666,-8891.666666666666,-275.0,0.030927835051546393,False,-275.0,0.0,,False
127,2024-08-01,APAC,IT,-9166.666666666666,-8891.666666666666,-275.0,0.030927835051546393,False,-275.0,0.0,,False
145,2024-09-01,APAC,IT,-9166.666666666666,-8891.666666666666,-275.0,0.030927835051546393,False,-275.0,0.0,,False
163,2024-10-01,APAC,IT,-9166.666666666666,-8891.666666666666,-275.0,0.030927835051546393,False,-275.0,0.0,,False
181,2024-11-01,APAC,IT,-9166.666666666666,-8891.666666666666,-275.0,0.030927835051546393,False,-275.0,0.0,,False
199,2024-12-01,APAC,IT,-9166.666666666666,-8891.666666666666,-275.0,0.030927835051546393,False,-275.0,0.0,,False
217,2025-01-01,APAC,IT,-9166.666666666666,-8891.666666666666,-275.0,0.030927835051546393,False,-275.0,0.0,,False
235,2025-02-01,APAC,IT,-9166.666666666666,-8891.666666666666,-275.0,0.030927835051546393,False,-275.0,0.0,,False
253,2025-03-01,APAC,IT,-9166.666666666666,-8891.666666666666,-275.0,0.030927835051546393,False,-275.0,0.0,,False
271,2025-04-01,APAC,IT,-9166.666666666666,-8891.666666666666,-275.0,0.030927835051546393,False,-275.0,0.0,,False
289,2025-05-01,APAC,IT,-9166.666666666666,-8891.666666666666,-275.0,0.030927835051546393,False,-275.0,0.0,,False
307,2025-06-01,APAC,IT,-9166.666666666666,-8891.666666666666,-275.0,0.030927835051546393,False,-275.0,0.0,,False
325,2025-07-01,APAC,IT,-9166.666666666666,-8891.666666666666,-275.0,0.030927835051546393,False,-275.0,0.0,,False
343,2025-08-01,APAC,IT,-9166.666666666666,-8891.666666666666,-275.0,0.030927835051546393,False,-275.0,0.0,,False
361,2025-09-01,APAC,IT,-9166.666666666666,-8891.666666666666,-275.0,0.030927835051546393,False,-275.0,0.0,,False
379,2025-10-01,APAC,IT,-9166.666666666666,-8891.666666666666,-275.0,0.030927835051546393,False,-275.0,0.0,,False
397,2025-11-01,APAC,IT,-9166.666666666666,-8891.666666666666,-275.0,0.030927835051546393,False,-275.0,0.0,,False
415,2025-12-01,APAC,IT,-9166.666666666666,-8891.666666666666,-275.0,0.030927835051546393,False,-275.0,0.0,,False
433,2026-01-01,APAC,IT,-9166.666666666666,-8891.666666666666,-275.0,0.030927835051546393,False,-275.0,0.0,,False
451,2026-02-01,APAC,IT,-9166.666666666666,-8891.666666666666,-275.0,0.030927835051546393,False,-275.0,0.0,,False
469,2026-03-01,APAC,IT,-9166.666666666666,-8891.666666666666,-275.0,0.030927835051546393,False,-275.0,0.0,,False
487,2026-04-01,APAC,IT,-9166.666666666666,-8891.666666666666,-275.0,0.030927835051546393,False,-275.0,0.0,,False
505,2026-05-01,APAC,IT,-9166.666666666666,-8891.666666666666,-275.0,0.030927835051546393,False,-275.0,0.0,,False
523,2026-06-01,APAC,IT,-9166.666666666666,-8891.666666666666,-275.0,0.030927835051546393,False,-275.0,0.0,,False
541,2026-07-01,APAC,IT,-9166.666666666666,-8891.666666666666,-275.0,0.030927835051546393,False,-275.0,0.0,,False
559,2026-08-01,APAC,IT,-9166.666666666666,-8891.666666666666,-275.0,0.030927835051546393,False,-275.0,0.0,,False
577,2026-09-01,APAC,IT,-9166.666666666666,-8891.666666666666,-275.0,0.030927835051546393,False,-275.0,0.0,,False
595,2026-10-01,APAC,IT,-9166.666666666666,-8891.666666666666,-275.0,0.030927835051546393,False,-275.0,0.0,,False
613,2026-11-01,APAC,IT,-9166.666666666666,-8891.666666666666,-275.0,0.030927835051546393,False,-275.0,0.0,,False
631,2026-12-01,APAC,IT,-9166.666666666666,-8891.666666666666,-275.0,0.030927835051546393,False,-275.0,0.0,,False
2,2024-01-01,APAC,MARKETING,-18333.33333333333,-17783.333333333332,-549.9999999999964,0.030927835051546188,False,,,,False
20,2024-02-01,APAC,MARKETING,-18333.33333333333,-17783.333333333332,-549.9999999999964,0.030927835051546188,False,,,,False
38,2024-03-01,APAC,MARKETING,-18333.33333333333,-17783.333333333332,-549.9999999999964,0.030927835051546188,False,,,,False
56,2024-04-01,APAC,MARKETING,-18333.33333333333,-17783.333333333332,-549.9999999999964,0.030927835051546188,False,-549.9999999999964,0.0,,False
74,2024-05-01,APAC,MARKETING,-18333.33333333333,-17783.333333333332,-549.9999999999964,0.030927835051546188,False,-549.9999999999964,0.0,,False
92,2024-06-01,APAC,MARKETING,-18333.33333333333,-17783.333333333332,-549.9999999999964,0.030927835051546188,False,-549.9999999999964,0.0,,False
110,2024-07-01,APAC,MARKETING,-18333.33333333333,-17783.333333333332,-549.9999999999964,0.030927835051546188,False,-549.9999999999964,0.0,,False
128,2024-08-01,APAC,MARKETING,-18333.33333333333,-17783.333333333332,-549.9999999999964,0.030927835051546188,False,-549.9999999999964,0.0,,False
146,2024-09-01,APAC,MARKETING,-18333.33333333333,-17783.333333333332,-549.9999999999964,0.030927835051546188,False,-549.9999999999964,0.0,,False
164,2024-10-01,APAC,MARKETING,-18333.33333333333,-17783.333333333332,-549.9999999999964,0.030927835051546188,False,-549.9999999999964,0.0,,False
182,2024-11-01,APAC,MARKETING,-18333.33333333333,-17783.333333333332,-549.9999999999964,0.030927835051546188,False,-549.9999999999964,0.0,,False
200,2024-12-01,APAC,MARKETING,-18333.33333333333,-17783.333333333332,-549.9999999999964,0.030927835051546188,False,-549.9999999999964,0.0,,False
218,2025-01-01,APAC,MARKETING,-18333.33333333333,-17783.333333333332,-549.9999999999964,0.030927835051546188,False,-549.9999999999964,0.0,,False
236,2025-02-01,APAC,MARKETING,-18333.33333333333,-17783.333333333332,-549.9999999999964,0.030927835051546188,False,-549.9999999999964,0.0,,False
254,2025-03-01,APAC,MARKETING,-18333.33333333333,-17783.333333333332,-549.9999999999964,0.030927835051546188,False,-549.9999999999964,0.0,,False
272,2025-04-01,APAC,MARKETING,-18333.33333333333,-17783.333333333332,-549.9999999999964,0.030927835051546188,False,-549.9999999999964,0.0,,False
290,2025-05-01,APAC,MARKETING,-18333.33333333333,-17783.333333333332,-549.9999999999964,0.030927835051546188,False,-549.9999999999964,0.0,,False
308,2025-06-01,APAC,MARKETING,-18333.33333333333,-17783.333333333332,-549.9999999999964,0.030927835051546188,False,-549.9999999999964,0.0,,False
326,2025-07-01,APAC,MARKETING,-18333.33333333333,-17783.333333333332,-549.9999999999964,0.030927835051546188,False,-549.9999999999964,0.0,,False
344,2025-08-01,APAC,MARKETING,-18333.33333333333,-17783.333333333332,-549.9999999999964,0.030927835051546188,False,-549.9999999999964,0.0,,False
362,2025-09-01,APAC,MARKETING,-18333.33333333333,-17783.333333333332,-549.9999999999964,0.030927835051546188,False,-549.9999999999964,0.0,,False
380,2025-10-01,APAC,MARKETING,-18333.33333333333,-17783.333333333332,-549.9999999999964,0.030927835051546188,False,-549.9999999999964,0.0,,False
398,2025-11-01,APAC,MARKETING,-18333.33333333333,-17783.333333333332,-549.9999999999964,0.030927835051546188,False,-549.9999999999964,0.0,,False
416,2025-12-01,APAC,MARKETING,-18333.33333333333,-17783.333333333332,-549.9999999999964,0.030927835051546188,False,-549.9999999999964,0.0,,False
434,2026-01-01,APAC,MARKETING,-18333.33333333333,-17783.333333333332,-549.9999999999964,0.030927835051546188,False,-549.9999999999964,0.0,,False
452,2026-02-01,APAC,MARKETING,-18333.33333333333,-17783.333333333332,-549.9999999999964,0.030927835051546188,False,-549.9999999999964,0.0,,False
470,2026-03-01,APAC,MARKETING,-18333.33333333333,-17783.333333333332,-549.9999999999964,0.030927835051546188,False,-549.9999999999964,0.0,,False
488,2026-04-01,APAC,MARKETING,-18333.33333333333,-17783.333333333332,-549.9999999999964,0.030927835051546188,False,-549.9999999999964,0.0,,False
506,2026-05-01,APAC,MARKETING,-18333.33333333333,-17783.333333333332,-549.9999999999964,0.030927835051546188,False,-549.9999999999964,0.0,,False
524,2026-06-01,APAC,MARKETING,-18333.33333333333,-17783.333333333332,-549.9999999999964,0.030927835051546188,False,-549.9999999999964,0.0,,False
542,2026-07-01,APAC,MARKETING,-18333.33333333333,-17783.333333333332,-549.9999999999964,0.030927835051546188,False,-549.9999999999964,0.0,,False
560,2026-08-01,APAC,MARKETING,-18333.33333333333,-17783.333333333332,-549.9999999999964,0.030927835051546188,False,-549.9999999999964,0.0,,False
578,2026-09-01,APAC,MARKETING,-18333.33333333333,-17783.333333333332,-549.9999999999964,0.030927835051546188,False,-549.9999999999964,0.0,,False
596,2026-10-01,APAC,MARKETING,-18333.33333333333,-17783.333333333332,-549.9999999999964,0.030927835051546188,False,-549.9999999999964,0.0,,False
614,2026-11-01,APAC,MARKETING,-18333.33333333333,-17783.333333333332,-549.9999999999964,0.030927835051546188,False,-549.9999999999964,0.0,,False
632,2026-12-01,APAC,MARKETING,-18333.33333333333,-17783.333333333332,-549.9999999999964,0.030927835051546188,False,-549.9999999999964,0.0,,False
3,2024-01-01,APAC,PAYROLL,-70833.33333333331,-68708.33333333331,-2125.0,0.0309278350515464,False,,,,False
21,2024-02-01,APAC,PAYROLL,-70833.33333333331,-68708.33333333331,-2125.0,0.0309278350515464,False,,,,False
39,2024-03-01,APAC,PAYROLL,-70833.33333333331,-68708.33333333331,-2125.0,0.0309278350515464,False,,,,False
57,2024-04-01,APAC,PAYROLL,-70833.33333333331,-68708.33333333331,-2125.0,0.0309278350515464,False,-2125.0,0.0,,False
75,2024-05-01,APAC,PAYROLL,-70833.33333333331,-68708.33333333331,-2125.0,0.0309278350515464,False,-2125.0,0.0,,False
93,2024-06-01,APAC,PAYROLL,-70833.33333333331,-68708.33333333331,-2125.0,0.0309278350515464,False,-2125.0,0.0,,False
111,2024-07-01,APAC,PAYROLL,-70833.33333333331,-68708.33333333331,-2125.0,0.0309278350515464,False,-2125.0,0.0,,False
129,2024-08-01,APAC,PAYROLL,-70833.33333333331,-68708.33333333331,-2125.0,0.0309278350515464,False,-2125.0,0.0,,False
147,2024-09-01,APAC,PAYROLL,-70833.33333333331,-68708.33333333331,-2125.0,0.0309278350515464,False,-2125.0,0.0,,False
165,2024-10-01,APAC,PAYROLL,-70833.33333333331,-68708.33333333331,-2125.0,0.0309278350515464,False,-2125.0,0.0,,False
183,2024-11-01,APAC,PAYROLL,-70833.33333333331,-68708.33333333331,-2125.0,0.0309278350515464,False,-2125.0,0.0,,False
201,2024-12-01,APAC,PAYROLL,-70833.33333333331,-68708.33333333331,-2125.0,0.0309278350515464,False,-2125.0,0.0,,False
219,2025-01-01,APAC,PAYROLL,-70833.33333333331,-68708.33333333331,-2125.0,0.0309278350515464,False,-2125.0,0.0,,False
237,2025-02-01,APAC,PAYROLL,-70833.33333333331,-68708.33333333331,-2125.0,0.0309278350515464,False,-2125.0,0.0,,False
255,2025-03-01,APAC,PAYROLL,-70833.33333333331,-68708.33333333331,-2125.0,0.0309278350515464,False,-2125.0,0.0,,False
273,2025-04-01,APAC,PAYROLL,-70833.33333333331,-68708.33333333331,-2125.0,0.0309278350515464,False,-2125.0,0.0,,False
291,2025-05-01,APAC,PAYROLL,-70833.33333333331,-68708.33333333331,-2125.0,0.0309278350515464,False,-2125.0,0.0,,False
309,2025-06-01,APAC,PAYROLL,-70833.33333333331,-68708.33333333331,-2125.0,0.0309278350515464,False,-2125.0,0.0,,False
327,2025-07-01,APAC,PAYROLL,-70833.33333333331,-68708.33333333331,-2125.0,0.0309278350515464,False,-2125.0,0.0,,False
345,2025-08-01,APAC,PAYROLL,-70833.33333333331,-68708.33333333331,-2125.0,0.0309278350515464,False,-2125.0,0.0,,False
363,2025-09-01,APAC,PAYROLL,-70833.33333333331,-68708.33333333331,-2125.0,0.0309278350515464,False,-2125.0,0.0,,False
381,2025-10-01,APAC,PAYROLL,-70833.33333333331,-68708.33333333331,-2125.0,0.0309278350515464,False,-2125.0,0.0,,False
399,2025-11-01,APAC,PAYROLL,-70833.33333333331,-68708.33333333331,-2125.0,0.0309278350515464,False,-2125.0,0.0,,False
417,2025-12-01,APAC,PAYROLL,-70833.33333333331,-68708.33333333331,-2125.0,0.0309278350515464,False,-2125.0,0.0,,False
435,2026-01-01,APAC,PAYROLL,-70833.33333333331,-68708.33333333331,-2125.0,0.0309278350515464,False,-2125.0,0.0,,False
453,2026-02-01,APAC,PAYROLL,-70833.33333333331,-68708.33333333331,-2125.0,0.0309278350515464,False,-2125.0,0.0,,False
471,2026-03-01,APAC,PAYROLL,-70833.33333333331,-68708.33333333331,-2125.0,0.0309278350515464,False,-2125.0,0.0,,False
489,2026-04-01,APAC,PAYROLL,-70833.33333333331,-68708.33333333331,-2125.0,0.0309278350515464,False,-2125.0,0.0,,False
507,2026-05-01,APAC,PAYROLL,-70833.33333333331,-68708.33333333331,-2125.0,0.0309278350515464,False,-2125.0,0.0,,False
525,2026-06-01,APAC,PAYROLL,-70833.33333333331,-68708.33333333331,-2125.0,0.0309278350515464,False,-2125.0,0.0,,False
543,2026-07-01,APAC,PAYROLL,-70833.33333333331,-68708.33333333331,-2125.0,0.0309278350515464,False,-2125.0,0.0,,False
561,2026-08-01,APAC,PAYROLL,-70833.33333333331,-68708.33333333331,-2125.0,0.0309278350515464,False,-2125.0,0.0,,False
579,2026-09-01,APAC,PAYROLL,-70833.33333333331,-68708.33333333331,-2125.0,0.0309278350515464,False,-2125.0,0.0,,False
597,2026-10-01,APAC,PAYROLL,-70833.33333333331,-68708.33333333331,-2125.0,0.0309278350515464,False,-2125.0,0.0,,False
615,2026-11-01,APAC,PAYROLL,-70833.33333333331,-68708.33333333331,-2125.0,0.0309278350515464,False,-2125.0,0.0,,False
633,2026-12-01,APAC,PAYROLL,-70833.33333333331,-68708.33333333331,-2125.0,0.0309278350515464,False,-2125.0,0.0,,False
4,2024-01-01,APAC,REV,645985.0857432148,671824.4891729434,-25839.403429728583,-0.03846153846153845,False,,,,False
22,2024-02-01,APAC,REV,776667.833964932,807734.5473235294,-31066.713358597364,-0.03846153846153856,False,,,,False
40,2024-03-01,APAC,REV,652042.3681506988,678124.0628767268,-26081.694726028014,-0.03846153846153855,False,,,,False
58,2024-04-01,APAC,REV,820355.7688657512,853169.9996203814,-32814.230754630174,-0.0384615384615386,False,-27662.603838117986,2950.533424421653,-1.745998494330557,False
76,2024-05-01,APAC,REV,1220484.2697113322,1269303.6404997855,-48819.37078845338,-0.03846153846153853,False,-28950.510567246034,3526.83710485086,-5.633620048365557,True
94,2024-06-01,APAC,REV,626404.0957740407,651460.2596050022,-25056.163830961566,-0.038461538461538367,False,-32924.282611487506,9395.91700001068,0.8373976462879563,False
112,2024-07-01,APAC,REV,864877.7434028364,899472.8531389498,-34595.10973611346,-0.038461538461538464,False,-31612.929481399846,8996.915427390431,-0.33146696540400844,False
130,2024-08-01,APAC,REV,905345.9824560295,941559.8217542708,-36213.839298241306,-0.03846153846153859,False,-33072.21386579733,8573.27436342823,-0.3664440561759562,False
148,2024-09-01,APAC,REV,851151.9839037191,885198.063259868,-34046.07935614884,-0.03846153846153854,False,-33930.06818907132,8589.964614440725,-0.013505430148395961,False
166,2024-10-01,APAC,REV,410410.69046861294,426827.1180873575,-16416.42761874455,-0.03846153846153853,False,-35257.46562742479,7704.3111204846755,2.4455188418578504,False
184,2024-11-01,APAC,REV,665088.334415458,691691.8677920763,-26603.533376618292,-0.03846153846153842,False,-32524.498438110517,10963.418334258733,0.5400655964198923,False
202,2024-12-01,APAC,REV,812851.9241072256,845366.0010715148,-32514.076964289183,-0.03846153846153864,False,-28821.858869471336,7592.897096019819,-0.4862726371931604,False
220,2025-01-01,APAC,REV,708876.4260881053,737231.4831316295,-28355.057043524223,-0.038461538461538484,False,-30064.844391692604,7462.471022920814,0.2291181222569318,False
238,2025-02-01,APAC,REV,647896.9314340571,673812.8086914193,-25915.87725736224,-0.0384615384615384,False,-29024.8356095944,7132.359047660344,0.435894818454492,False
256,2025-03-01,APAC,REV,486366.0777087968,505820.7208171488,-19454.643108352033,-0.03846153846153876,False,-27308.50860278122,6239.581805832014,1.2587166478189828,False
274,2025-04-01,APAC,REV,832697.5197510298,866005.420541071,-33307.9007900412,-0.038461538461538464,False,-24876.60256148175,5923.938675307963,-1.423258863853978,False
292,2025-05-01,APAC,REV,876305.4512882823,911357.6693398138,-35052.21805153147,-0.03846153846153865,False,-27691.848090031195,5048.243904272708,-1.4580060118075195,False
310,2025-06-01,APAC,REV,662206.1267757885,688694.3718468199,-26488.245071031382,-0.03846153846153825,False,-29099.962202516723,5805.4756483370375,0.449871343829245,False
328,2025-07-01,APAC,REV,1017070.472792406,1057753.2917041024,-40682.81891169644,-0.03846153846153864,False,-28095.656886973757,5614.81699229006,-2.2417760083733174,False
346,2025-08-01,APAC,REV,967204.6188442431,1005892.8035980128,-38688.18475376967,-0.0384615384615384,False,-30150.28386500246,7624.582041881224,-1.119786086879149,False
364,2025-09-01,APAC,REV,668740.6039652944,695490.2281239062,-26749.624158611758,-0.03846153846153843,False,-32279.00178107036,7980.578538393591,0.6928542330430609,False
382,2025-10-01,APAC,REV,572726.6318072554,595635.6970795457,-22909.06527229026,-0.038461538461538526,False,-33494.83195611365,5927.707018321456,1.7858113856006592,False
400,2025-11-01,APAC,REV,540808.089665582,562440.4132522054,-21632.3235866233,-0.038461538461538484,False,-31761.69270315516,7344.241764510622,1.3792259897379378,False
418,2025-12-01,APAC,REV,851966.4549771572,886045.1131762434,-34078.6581990862,-0.038461538461538367,False,-29525.043625670467,8141.872051729556,-0.5592834847421145,False
436,2026-01-01,APAC,REV,856593.2266675859,890856.9557342894,-34263.72906670347,-0.0384615384615385,False,-30790.11248034627,8165.307924542904,-0.42541158502012677,False
454,2026-02-01,APAC,REV,644591.3908439658,670375.0464777243,-25783.65563375852,-0.038461538461538304,False,-29720.26417284744,6938.215718162791,0.5673805339871036,False
472,2026-03-01,APAC,REV,689889.1030211893,717484.6671420371,-27595.56412084773,-0.03846153846153867,False,-27569.50931951225,5440.82705786972,-0.004788757491894928,False
490,2026-04-01,APAC,REV,815671.5969726009,848298.4608515048,-32626.86387890391,-0.03846153846153832,False,-27710.499313218246,5426.273002234459,-0.9060297120438241,False
508,2026-05-01,APAC,REV,922024.2567455178,958905.2270153386,-36880.97026982077,-0.03846153846153852,False,-29330.132414320524,5149.753331454299,-1.4662523366663616,False
526,2026-06-01,APAC,REV,680750.3285515968,707980.3416936606,-27230.01314206375,-0.03846153846153829,False,-31871.573528186767,4280.3072514693895,1.0843988791995274,False
544,2026-07-01,APAC,REV,705408.2010633681,733624.529105903,-28216.328042534882,-0.038461538461538665,False,-30730.13268534969,4482.425408687462,0.5608134912725513,False
562,2026-08-01,APAC,REV,1037062.6544610407,1078545.1606394823,-41482.50617844157,-0.03846153846153842,False,-29722.232514654926,4199.962418727967,-2.8000902130330125,False
580,2026-09-01,APAC,REV,793238.4025863174,824967.9386897702,-31729.53610345279,-0.03846153846153857,False,-32338.707605435437,5829.48400786912,0.10449835717197915,False
598,2026-10-01,APAC,REV,707961.1658590209,736279.6124933817,-28318.446634360826,-0.038461538461538436,False,-33027.70293586961,5384.047016906326,0.8746684950412493,False
616,2026-11-01,APAC,REV,975125.694167388,1014130.7219340836,-39005.0277666956,-0.03846153846153853,False,-32309.63339511243,5724.726913536073,-1.1695569889546984,False
634,2026-12-01,APAC,REV,898692.3953067077,934640.0911189759,-35947.69581226818,-0.03846153846153833,False,-32663.6429779249,6116.236415205715,-0.536940139556856,False
5,2024-01-01,APAC,TRAVEL,-6250.0,-6062.5,-187.5,0.030927835051546393,False,,,,False
23,2024-02-01,APAC,TRAVEL,-6250.0,-6062.5,-187.5,0.030927835051546393,False,,,,False
41,2024-03-01,APAC,TRAVEL,-6250.0,-6062.5,-187.5,0.030927835051546393,False,,,,False
59,2024-04-01,APAC,TRAVEL,-6250.0,-6062.5,-187.5,0.030927835051546393,False,-187.5,0.0,,False
77,2024-05-01,APAC,TRAVEL,-6250.0,-6062.5,-187.5,0.030927835051546393,False,-187.5,0.0,,False
95,2024-06-01,APAC,TRAVEL,-6250.0,-6062.5,-187.5,0.030927835051546393,False,-187.5,0.0,,False
113,2024-07-01,APAC,TRAVEL,-6250.0,-6062.5,-187.5,0.030927835051546393,False,-187.5,0.0,,False
131,2024-08-01,APAC,TRAVEL,-6250.0,-6062.5,-187.5,0.030927835051546393,False,-187.5,0.0,,False
149,2024-09-01,APAC,TRAVEL,-6250.0,-6062.5,-187.5,0.030927835051546393,False,-187.5,0.0,,False
167,2024-10-01,APAC,TRAVEL,-6250.0,-6062.5,-187.5,0.030927835051546393,False,-187.5,0.0,,False
185,2024-11-01,APAC,TRAVEL,-6250.0,-6062.5,-187.5,0.030927835051546393,False,-187.5,0.0,,False
203,2024-12-01,APAC,TRAVEL,-6250.0,-6062.5,-187.5,0.030927835051546393,False,-187.5,0.0,,False
221,2025-01-01,APAC,TRAVEL,-6250.0,-6062.5,-187.5,0.030927835051546393,False,-187.5,0.0,,False
239,2025-02-01,APAC,TRAVEL,-6250.0,-6062.5,-187.5,0.030927835051546393,False,-187.5,0.0,,False
257,2025-03-01,APAC,TRAVEL,-6250.0,-6062.5,-187.5,0.030927835051546393,False,-187.5,0.0,,False
275,2025-04-01,APAC,TRAVEL,-6250.0,-6062.5,-187.5,0.030927835051546393,False,-187.5,0.0,,False
293,2025-05-01,APAC,TRAVEL,-6250.0,-6062.5,-187.5,0.030927835051546393,False,-187.5,0.0,,False
311,2025-06-01,APAC,TRAVEL,-6250.0,-6062.5,-187.5,0.030927835051546393,False,-187.5,0.0,,False
329,2025-07-01,APAC,TRAVEL,-6250.0,-6062.5,-187.5,0.030927835051546393,False,-187.5,0.0,,False
347,2025-08-01,APAC,TRAVEL,-6250.0,-6062.5,-187.5,0.030927835051546393,False,-187.5,0.0,,False
365,2025-09-01,APAC,TRAVEL,-6250.0,-6062.5,-187.5,0.030927835051546393,False,-187.5,0.0,,False
383,2025-10-01,APAC,TRAVEL,-6250.0,-6062.5,-187.5,0.030927835051546393,False,-187.5,0.0,,False
401,2025-11-01,APAC,TRAVEL,-6250.0,-6062.5,-187.5,0.030927835051546393,False,-187.5,0.0,,False
419,2025-12-01,APAC,TRAVEL,-6250.0,-6062.5,-187.5,0.030927835051546393,False,-187.5,0.0,,False
437,2026-01-01,APAC,TRAVEL,-6250.0,-6062.5,-187.5,0.030927835051546393,False,-187.5,0.0,,False
455,2026-02-01,APAC,TRAVEL,-6250.0,-6062.5,-187.5,0.030927835051546393,False,-187.5,0.0,,False
473,2026-03-01,APAC,TRAVEL,-6250.0,-6062.5,-187.5,0.030927835051546393,False,-187.5,0.0,,False
491,2026-04-01,APAC,TRAVEL,-6250.0,-6062.5,-187.5,0.030927835051546393,False,-187.5,0.0,,False
509,2026-05-01,APAC,TRAVEL,-6250.0,-6062.5,-187.5,0.030927835051546393,False,-187.5,0.0,,False
527,2026-06-01,APAC,TRAVEL,-6250.0,-6062.5,-187.5,0.030927835051546393,False,-187.5,0.0,,False
545,2026-07-01,APAC,TRAVEL,-6250.0,-6062.5,-187.5,0.030927835051546393,False,-187.5,0.0,,False
563,2026-08-01,APAC,TRAVEL,-6250.0,-6062.5,-187.5,0.030927835051546393,False,-187.5,0.0,,False
581,2026-09-01,APAC,TRAVEL,-6250.0,-6062.5,-187.5,0.030927835051546393,False,-187.5,0.0,,False
599,2026-10-01,APAC,TRAVEL,-6250.0,-6062.5,-187.5,0.030927835051546393,False,-187.5,0.0,,False
617,2026-11-01,APAC,TRAVEL,-6250.0,-6062.5,-187.5,0.030927835051546393,False,-187.5,0.0,,False
635,2026-12-01,APAC,TRAVEL,-6250.0,-6062.5,-187.5,0.030927835051546393,False,-187.5,0.0,,False
6,2024-01-01,EU,COGS,-357843.53505066107,-350686.6643496479,-7156.870701013191,0.020408163265306038,False,,,,False
24,2024-02-01,EU,COGS,-380624.57643102156,-373012.0849024011,-7612.491528620479,0.02040816326530625,False,,,,False
42,2024-03-01,EU,COGS,-331654.0562792628,-325020.97515367763,-6633.081125585188,0.020408163265305902,False,,,,False
60,2024-04-01,EU,COGS,-359658.56964419305,-352465.39825130923,-7193.1713928838135,0.02040816326530599,False,-7134.1477850729525,490.1004311108672,-0.12043165862367723,False
78,2024-05-01,EU,COGS,-461639.707074665,-452406.9129331717,-9232.794141493272,0.02040816326530606,False,-7148.903687025668,401.25208404832557,-5.193469485423599,True
96,2024-06-01,EU,COGS,-341589.43348899885,-334757.6448192189,-6831.788669779955,0.02040816326530605,False,-7565.681777919189,994.6216926344825,0.7378615543718441,False
114,2024-07-01,EU,COGS,-308470.211261078,-302300.8070358564,-6169.404225221601,0.020408163265306263,False,-7443.366259895983,938.7142082992978,1.357135135924345,False
132,2024-08-01,EU,COGS,-340858.05355497746,-334040.8924838779,-6817.161071099574,0.0204081632653062,False,-7278.788513930718,1075.5748582079232,0.4291913661874622,False
150,2024-09-01,EU,COGS,-467530.17305165186,-458179.5695906189,-9350.603461032966,0.02040816326530596,False,-7146.233437677234,1075.232391863578,-2.050133571157718,False
168,2024-10-01,EU,COGS,-387377.6560980351,-379630.1029760743,-7747.55312196078,0.02040816326530633,False,-7599.15382691853,1352.4588062550645,-0.10972555641318568,False
186,2024-11-01,EU,COGS,-327728.59177800355,-321174.0199424435,-6554.571835560026,0.020408163265305982,False,-7691.550781764691,1338.035989315653,0.8497371933816075,False
204,2024-12-01,EU,COGS,-256040.53174972426,-250919.72111472976,-5120.810634994501,0.020408163265306187,False,-7245.180397442484,1155.2932488095903,1.8388143137137911,False
222,2025-01-01,EU,COGS,-360619.44763281295,-353407.0586801567,-7212.388952656242,0.020408163265306072,False,-6960.0173916449085,1451.0450703941299,-0.17392399875131687,False
240,2025-02-01,EU,COGS,-512979.4176574578,-502719.8293043085,-10259.588353149244,0.0204081632653063,False,-7133.848179550681,1398.9266135517823,-2.2343846655847903,False
258,2025-03-01,EU,COGS,-394471.80140634783,-386582.3653782209,-7889.436028126917,0.02040816326530602,False,-7707.586059892293,1869.7533701893854,-0.09725879954756023,False
276,2025-04-01,EU,COGS,-393142.1654549701,-385279.32214587065,-7862.843309099438,0.02040816326530621,False,-7464.058154407951,1700.4479711341457,-0.2345177044290917,False
294,2025-05-01,EU,COGS,-424415.16844112775,-415926.8650723051,-8488.303368822671,0.02040816326530641,False,-7483.273185597728,1704.9376182783903,-0.5894820857080985,False
312,2025-06-01,EU,COGS,-454238.7173644251,-445153.9430171365,-9084.774347288534,0.0204081632653062,False,-7805.561774474835,1676.8089500961569,-0.7628851055096898,False
330,2025-07-01,EU,COGS,-425647.30927413946,-417134.3630886568,-8512.946185482724,0.02040816326530596,False,-8466.222393190508,1083.337683493556,-0.04312948123574971,False
348,2025-08-01,EU,COGS,-382877.7352406588,-375220.18053584563,-7657.55470481317,0.02040816326530611,False,-8682.981931994922,896.2454253801109,1.1441366372908994,False
366,2025-09-01,EU,COGS,-418855.00175719114,-410477.90172204736,-8377.100035143783,0.020408163265306024,False,-8249.309657272242,539.1961892327563,-0.23700163395698112,False
384,2025-10-01,EU,COGS,-302337.39967552194,-296290.6516820115,-6046.747993510449,0.02040816326530616,False,-8330.586991775053,510.0682255374604,4.477516700551414,True
402,2025-11-01,EU,COGS,-444106.58175033936,-435224.45011533255,-8882.131635006808,0.020408163265306173,False,-8027.904439176888,1072.2205020369588,-0.7966898545654512,False
420,2025-12-01,EU,COGS,-294748.6386865182,-288853.66591278784,-5894.9727737303465,0.020408163265306062,False,-8093.542483540911,1117.1544956191874,1.9680086491457016,False
438,2026-01-01,EU,COGS,-399930.76352003077,-391932.14824963023,-7998.615270400536,0.02040816326530592,False,-7561.90888794788,1295.8034817687183,-0.3370159044923769,False
456,2026-02-01,EU,COGS,-490845.3118178896,-481028.4055815318,-9816.906236357812,0.02040816326530617,False,-7476.1870687675155,1235.9356341080731,-1.893884360150764,False
474,2026-03-01,EU,COGS,-344494.1729564714,-337604.289497342,-6889.883459129372,0.02040816326530595,False,-7836.0789906916225,1568.8609426977962,0.6031098778806893,False
492,2026-04-01,EU,COGS,-344478.63682659104,-337589.06409005914,-6889.572736531904,0.020408163265306367,False,-7588.209561355888,1583.7026221501314,0.4411414207772613,False
510,2026-05-01,EU,COGS,-391615.8440304015,-383783.5271497935,-7832.316880608036,0.020408163265306138,False,-7728.680351859463,1451.4935319851368,-0.07139992460512981,False
528,2026-06-01,EU,COGS,-372614.1969328847,-365161.91299422685,-7452.283938657842,0.020408163265306537,False,-7553.711226126335,1343.9325031199548,0.07547052194438958,False
546,2026-07-01,EU,COGS,-374560.13815690216,-367068.93539376406,-7491.202763138105,0.020408163265306298,False,-7813.263086947583,1084.9372419788056,0.29684696160127727,False
564,2026-08-01,EU,COGS,-291461.44877289736,-285632.21979743947,-5829.228975457895,0.02040816326530594,False,-7728.694335737178,1087.3730062252464,1.7468388026967574,False
582,2026-09-01,EU,COGS,-348125.02212630346,-341162.5216837774,-6962.50044252607,0.020408163265306124,False,-7064.081458920526,708.3753708537372,0.14339998336196996,False
600,2026-10-01,EU,COGS,-395754.4328853914,-387839.3442276836,-7915.088657707791,0.020408163265306024,False,-7076.184289486642,705.4180631193204,-1.1892300638171343,False
618,2026-11-01,EU,COGS,-329962.88132499845,-323363.62369849853,-6599.257626499922,0.02040816326530597,False,-7247.103609682624,772.2343429428505,0.8389240767431736,False
636,2026-12-01,EU,COGS,-353134.3712240561,-346071.68379957497,-7062.687424481148,0.0204081632653062,False,-7041.593733997938,749.0732131823971,-0.028159718051583075,False
7,2024-01-01,EU,IT,-9166.666666666666,-8891.666666666666,-275.0,0.030927835051546393,False,,,,False
25,2024-02-01,EU,IT,-9166.666666666666,-8891.666666666666,-275.0,0.030927835051546393,False,,,,False
43,2024-03-01,EU,IT,-9166.666666666666,-8891.666666666666,-275.0,0.030927835051546393,False,,,,False
61,2024-04-01,EU,IT,-9166.666666666666,-8891.666666666666,-275.0,0.030927835051546393,False,-275.0,0.0,,False
79,2024-05-01,EU,IT,-9166.666666666666,-8891.666666666666,-275.0,0.030927835051546393,False,-275.0,0.0,,False
97,2024-06-01,EU,IT,-9166.666666666666,-8891.666666666666,-275.0,0.030927835051546393,False,-275.0,0.0,,False
115,2024-07-01,EU,IT,-9166.666666666666,-8891.666666666666,-275.0,0.030927835051546393,False,-275.0,0.0,,False
133,2024-08-01,EU,IT,-9166.666666666666,-8891.666666666666,-275.0,0.030927835051546393,False,-275.0,0.0,,False
151,2024-09-01,EU,IT,-9166.666666666666,-8891.666666666666,-275.0,0.030927835051546393,False,-275.0,0.0,,False
169,2024-10-01,EU,IT,-9166.666666666666,-8891.666666666666,-275.0,0.030927835051546393,False,-275.0,0.0,,False
187,2024-11-01,EU,IT,-9166.666666666666,-8891.666666666666,-275.0,0.030927835051546393,False,-275.0,0.0,,False
205,2024-12-01,EU,IT,-9166.666666666666,-8891.666666666666,-275.0,0.030927835051546393,False,-275.0,0.0,,False
223,2025-01-01,EU,IT,-9166.666666666666,-8891.666666666666,-275.0,0.030927835051546393,False,-275.0,0.0,,False
241,2025-02-01,EU,IT,-9166.666666666666,-8891.666666666666,-275.0,0.030927835051546393,False,-275.0,0.0,,False
259,2025-03-01,EU,IT,-9166.666666666666,-8891.666666666666,-275.0,0.030927835051546393,False,-275.0,0.0,,False
277,2025-04-01,EU,IT,-9166.666666666666,-8891.666666666666,-275.0,0.030927835051546393,False,-275.0,0.0,,False
295,2025-05-01,EU,IT,-9166.666666666666,-8891.666666666666,-275.0,0.030927835051546393,False,-275.0,0.0,,False
313,2025-06-01,EU,IT,-9166.666666666666,-8891.666666666666,-275.0,0.030927835051546393,False,-275.0,0.0,,False
331,2025-07-01,EU,IT,-9166.666666666666,-8891.666666666666,-275.0,0.030927835051546393,False,-275.0,0.0,,False
349,2025-08-01,EU,IT,-9166.666666666666,-8891.666666666666,-275.0,0.030927835051546393,False,-275.0,0.0,,False
367,2025-09-01,EU,IT,-9166.666666666666,-8891.666666666666,-275.0,0.030927835051546393,False,-275.0,0.0,,False
385,2025-10-01,EU,IT,-9166.666666666666,-8891.666666666666,-275.0,0.030927835051546393,False,-275.0,0.0,,False
403,2025-11-01,EU,IT,-9166.666666666666,-8891.666666666666,-275.0,0.030927835051546393,False,-275.0,0.0,,False
421,2025-12-01,EU,IT,-9166.666666666666,-8891.666666666666,-275.0,0.030927835051546393,False,-275.0,0.0,,False
439,2026-01-01,EU,IT,-9166.666666666666,-8891.666666666666,-275.0,0.030927835051546393,False,-275.0,0.0,,False
457,2026-02-01,EU,IT,-9166.666666666666,-8891.666666666666,-275.0,0.030927835051546393,False,-275.0,0.0,,False
475,2026-03-01,EU,IT,-9166.666666666666,-8891.666666666666,-275.0,0.030927835051546393,False,-275.0,0.0,,False
493,2026-04-01,EU,IT,-9166.666666666666,-8891.666666666666,-275.0,0.030927835051546393,False,-275.0,0.0,,False
511,2026-05-01,EU,IT,-9166.666666666666,-8891.666666666666,-275.0,0.030927835051546393,False,-275.0,0.0,,False
529,2026-06-01,EU,IT,-9166.666666666666,-8891.666666666666,-275.0,0.030927835051546393,False,-275.0,0.0,,False
547,2026-07-01,EU,IT,-9166.666666666666,-8891.666666666666,-275.0,0.030927835051546393,False,-275.0,0.0,,False
565,2026-08-01,EU,IT,-9166.666666666666,-8891.666666666666,-275.0,0.030927835051546393,False,-275.0,0.0,,False
583,2026-09-01,EU,IT,-9166.666666666666,-8891.666666666666,-275.0,0.030927835051546393,False,-275.0,0.0,,False
601,2026-10-01,EU,IT,-9166.666666666666,-8891.666666666666,-275.0,0.030927835051546393,False,-275.0,0.0,,False
619,2026-11-01,EU,IT,-9166.666666666666,-8891.666666666666,-275.0,0.030927835051546393,False,-275.0,0.0,,False
637,2026-12-01,EU,IT,-9166.666666666666,-8891.666666666666,-275.0,0.030927835051546393,False,-275.0,0.0,,False
8,2024-01-01,EU,MARKETING,-18333.33333333333,-17783.333333333332,-549.9999999999964,0.030927835051546188,False,,,,False
26,2024-02-01,EU,MARKETING,-18333.33333333333,-17783.333333333332,-549.9999999999964,0.030927835051546188,False,,,,False
44,2024-03-01,EU,MARKETING,-18333.33333333333,-17783.333333333332,-549.9999999999964,0.030927835051546188,False,,,,False
62,2024-04-01,EU,MARKETING,-18333.33333333333,-17783.333333333332,-549.9999999999964,0.030927835051546188,False,-549.9999999999964,0.0,,False
80,2024-05-01,EU,MARKETING,-18333.33333333333,-17783.333333333332,-549.9999999999964,0.030927835051546188,False,-549.9999999999964,0.0,,False
98,2024-06-01,EU,MARKETING,-18333.33333333333,-17783.333333333332,-549.9999999999964,0.030927835051546188,False,-549.9999999999964,0.0,,False
116,2024-07-01,EU,MARKETING,-18333.33333333333,-17783.333333333332,-549.9999999999964,0.030927835051546188,False,-549.9999999999964,0.0,,False
134,2024-08-01,EU,MARKETING,-18333.33333333333,-17783.333333333332,-549.9999999999964,0.030927835051546188,False,-549.9999999999964,0.0,,False
152,2024-09-01,EU,MARKETING,-18333.33333333333,-17783.333333333332,-549.9999999999964,0.030927835051546188,False,-549.9999999999964,0.0,,False
170,2024-10-01,EU,MARKETING,-18333.33333333333,-17783.333333333332,-549.9999999999964,0.030927835051546188,False,-549.9999999999964,0.0,,False
188,2024-11-01,EU,MARKETING,-18333.33333333333,-17783.333333333332,-549.9999999999964,0.030927835051546188,False,-549.9999999999964,0.0,,False
206,2024-12-01,EU,MARKETING,-18333.33333333333,-17783.333333333332,-549.9999999999964,0.030927835051546188,False,-549.9999999999964,0.0,,False
224,2025-01-01,EU,MARKETING,-18333.33333333333,-17783.333333333332,-549.9999999999964,0.030927835051546188,False,-549.9999999999964,0.0,,False
242,2025-02-01,EU,MARKETING,-18333.33333333333,-17783.333333333332,-549.9999999999964,0.030927835051546188,False,-549.9999999999964,0.0,,False
260,2025-03-01,EU,MARKETING,-18333.33333333333,-17783.333333333332,-549.9999999999964,0.030927835051546188,False,-549.9999999999964,0.0,,False
278,2025-04-01,EU,MARKETING,-18333.33333333333,-17783.333333333332,-549.9999999999964,0.030927835051546188,False,-549.9999999999964,0.0,,False
296,2025-05-01,EU,MARKETING,-18333.33333333333,-17783.333333333332,-549.9999999999964,0.030927835051546188,False,-549.9999999999964,0.0,,False
314,2025-06-01,EU,MARKETING,-18333.33333333333,-17783.333333333332,-549.9999999999964,0.030927835051546188,False,-549.9999999999964,0.0,,False
332,2025-07-01,EU,MARKETING,-18333.33333333333,-17783.333333333332,-549.9999999999964,0.030927835051546188,False,-549.9999999999964,0.0,,False
350,2025-08-01,EU,MARKETING,-18333.33333333333,-17783.333333333332,-549.9999999999964,0.030927835051546188,False,-549.9999999999964,0.0,,False
368,2025-09-01,EU,MARKETING,-18333.33333333333,-17783.333333333332,-549.9999999999964,0.030927835051546188,False,-549.9999999999964,0.0,,False
386,2025-10-01,EU,MARKETING,-18333.33333333333,-17783.333333333332,-549.9999999999964,0.030927835051546188,False,-549.9999999999964,0.0,,False
404,2025-11-01,EU,MARKETING,-18333.33333333333,-17783.333333333332,-549.9999999999964,0.030927835051546188,False,-549.9999999999964,0.0,,False
422,2025-12-01,EU,MARKETING,-18333.33333333333,-17783.333333333332,-549.9999999999964,0.030927835051546188,False,-549.9999999999964,0.0,,False
440,2026-01-01,EU,MARKETING,-18333.33333333333,-17783.333333333332,-549.9999999999964,0.030927835051546188,False,-549.9999999999964,0.0,,False
458,2026-02-01,EU,MARKETING,-18333.33333333333,-17783.333333333332,-549.9999999999964,0.030927835051546188,False,-549.9999999999964,0.0,,False
476,2026-03-01,EU,MARKETING,-18333.33333333333,-17783.333333333332,-549.9999999999964,0.030927835051546188,False,-549.9999999999964,0.0,,False
494,2026-04-01,EU,MARKETING,-18333.33333333333,-17783.333333333332,-549.9999999999964,0.030927835051546188,False,-549.9999999999964,0.0,,False
512,2026-05-01,EU,MARKETING,-18333.33333333333,-17783.333333333332,-549.9999999999964,0.030927835051546188,False,-549.9999999999964,0.0,,False
530,2026-06-01,EU,MARKETING,-18333.33333333333,-17783.333333333332,-549.9999999999964,0.030927835051546188,False,-549.9999999999964,0.0,,False
548,2026-07-01,EU,MARKETING,-18333.33333333333,-17783.333333333332,-549.9999999999964,0.030927835051546188,False,-549.9999999999964,0.0,,False
566,2026-08-01,EU,MARKETING,-18333.33333333333,-17783.333333333332,-549.9999999999964,0.030927835051546188,False,-549.9999999999964,0.0,,False
584,2026-09-01,EU,MARKETING,-18333.33333333333,-17783.333333333332,-549.9999999999964,0.030927835051546188,False,-549.9999999999964,0.0,,False
602,2026-10-01,EU,MARKETING,-18333.33333333333,-17783.333333333332,-549.9999999999964,0.030927835051546188,False,-549.9999999999964,0.0,,False
620,2026-11-01,EU,MARKETING,-18333.33333333333,-17783.333333333332,-549.9999999999964,0.030927835051546188,False,-549.9999999999964,0.0,,False
638,2026-12-01,EU,MARKETING,-18333.33333333333,-17783.333333333332,-549.9999999999964,0.030927835051546188,False,-549.9999999999964,0.0,,False
9,2024-01-01,EU,PAYROLL,-70833.33333333331,-68708.33333333331,-2125.0,0.0309278350515464,False,,,,False
27,2024-02-01,EU,PAYROLL,-70833.33333333331,-68708.33333333331,-2125.0,0.0309278350515464,False,,,,False
45,2024-03-01,EU,PAYROLL,-70833.33333333331,-68708.33333333331,-2125.0,0.0309278350515464,False,,,,False
63,2024-04-01,EU,PAYROLL,-70833.33333333331,-68708.33333333331,-2125.0,0.0309278350515464,False,-2125.0,0.0,,False
81,2024-05-01,EU,PAYROLL,-70833.33333333331,-68708.33333333331,-2125.0,0.0309278350515464,False,-2125.0,0.0,,False
99,2024-06-01,EU,PAYROLL,-70833.33333333331,-68708.33333333331,-2125.0,0.0309278350515464,False,-2125.0,0.0,,False
117,2024-07-01,EU,PAYROLL,-70833.33333333331,-68708.33333333331,-2125.0,0.0309278350515464,False,-2125.0,0.0,,False
135,2024-08-01,EU,PAYROLL,-70833.33333333331,-68708.33333333331,-2125.0,0.0309278350515464,False,-2125.0,0.0,,False
153,2024-09-01,EU,PAYROLL,-70833.33333333331,-68708.33333333331,-2125.0,0.0309278350515464,False,-2125.0,0.0,,False
171,2024-10-01,EU,PAYROLL,-70833.33333333331,-68708.33333333331,-2125.0,0.0309278350515464,False,-2125.0,0.0,,False
189,2024-11-01,EU,PAYROLL,-70833.33333333331,-68708.33333333331,-2125.0,0.0309278350515464,False,-2125.0,0.0,,False
207,2024-12-01,EU,PAYROLL,-70833.33333333331,-68708.33333333331,-2125.0,0.0309278350515464,False,-2125.0,0.0,,False
225,2025-01-01,EU,PAYROLL,-70833.33333333331,-68708.33333333331,-2125.0,0.0309278350515464,False,-2125.0,0.0,,False
243,2025-02-01,EU,PAYROLL,-70833.33333333331,-68708.33333333331,-2125.0,0.0309278350515464,False,-2125.0,0.0,,False
261,2025-03-01,EU,PAYROLL,-70833.33333333331,-68708.33333333331,-2125.0,0.0309278350515464,False,-2125.0,0.0,,False
279,2025-04-01,EU,PAYROLL,-70833.33333333331,-68708.33333333331,-2125.0,0.0309278350515464,False,-2125.0,0.0,,False
297,2025-05-01,EU,PAYROLL,-70833.33333333331,-68708.33333333331,-2125.0,0.0309278350515464,False,-2125.0,0.0,,False
315,2025-06-01,EU,PAYROLL,-70833.33333333331,-68708.33333333331,-2125.0,0.0309278350515464,False,-2125.0,0.0,,False
333,2025-07-01,EU,PAYROLL,-70833.33333333331,-68708.33333333331,-2125.0,0.0309278350515464,False,-2125.0,0.0,,False
351,2025-08-01,EU,PAYROLL,-70833.33333333331,-68708.33333333331,-2125.0,0.0309278350515464,False,-2125.0,0.0,,False
369,2025-09-01,EU,PAYROLL,-70833.33333333331,-68708.33333333331,-2125.0,0.0309278350515464,False,-2125.0,0.0,,False
387,2025-10-01,EU,PAYROLL,-70833.33333333331,-68708.33333333331,-2125.0,0.0309278350515464,False,-2125.0,0.0,,False
405,2025-11-01,EU,PAYROLL,-70833.33333333331,-68708.33333333331,-2125.0,0.0309278350515464,False,-2125.0,0.0,,False
423,2025-12-01,EU,PAYROLL,-70833.33333333331,-68708.33333333331,-2125.0,0.0309278350515464,False,-2125.0,0.0,,False
441,2026-01-01,EU,PAYROLL,-70833.33333333331,-68708.33333333331,-2125.0,0.0309278350515464,False,-2125.0,0.0,,False
459,2026-02-01,EU,PAYROLL,-70833.33333333331,-68708.33333333331,-2125.0,0.0309278350515464,False,-2125.0,0.0,,False
477,2026-03-01,EU,PAYROLL,-70833.33333333331,-68708.33333333331,-2125.0,0.0309278350515464,False,-2125.0,0.0,,False
495,2026-04-01,EU,PAYROLL,-70833.33333333331,-68708.33333333331,-2125.0,0.0309278350515464,False,-2125.0,0.0,,False
513,2026-05-01,EU,PAYROLL,-70833.33333333331,-68708.33333333331,-2125.0,0.0309278350515464,False,-2125.0,0.0,,False
531,2026-06-01,EU,PAYROLL,-70833.33333333331,-68708.33333333331,-2125.0,0.0309278350515464,False,-2125.0,0.0,,False
549,2026-07-01,EU,PAYROLL,-70833.33333333331,-68708.33333333331,-2125.0,0.0309278350515464,False,-2125.0,0.0,,False
567,2026-08-01,EU,PAYROLL,-70833.33333333331,-68708.33333333331,-2125.0,0.0309278350515464,False,-2125.0,0.0,,False
585,2026-09-01,EU,PAYROLL,-70833.33333333331,-68708.33333333331,-2125.0,0.0309278350515464,False,-2125.0,0.0,,False
603,2026-10-01,EU,PAYROLL,-70833.33333333331,-68708.33333333331,-2125.0,0.0309278350515464,False,-2125.0,0.0,,False
621,2026-11-01,EU,PAYROLL,-70833.33333333331,-68708.33333333331,-2125.0,0.0309278350515464,False,-2125.0,0.0,,False
639,2026-12-01,EU,PAYROLL,-70833.33333333331,-68708.33333333331,-2125.0,0.0309278350515464,False,-2125.0,0.0,,False
10,2024-01-01,EU,REV,761369.223512045,791823.9924525269,-30454.76894048194,-0.03846153846153863,False,,,,False
28,2024-02-01,EU,REV,809839.5243213227,842233.1052941754,-32393.580972852767,-0.038461538461538304,False,,,,False
46,2024-03-01,EU,REV,705646.9282537507,733872.8053839008,-28225.877130150096,-0.03846153846153856,False,,,,False
64,2024-04-01,EU,REV,765230.9992429641,795840.2392126827,-30609.23996971862,-0.038461538461538526,False,-30358.0756811616,2085.5337494076057,-0.12043165862377493,False
82,2024-05-01,EU,REV,982212.1427120536,1021500.6284205356,-39288.4857084821,-0.03846153846153842,False,-30420.866753300856,1707.4556768011146,-5.193469485424393,True
100,2024-06-01,EU,REV,726786.0286999977,755857.4698479975,-29071.441147999838,-0.038461538461538367,False,-32194.390544337104,4232.432734614716,0.7378615543718859,False
118,2024-07-01,EU,REV,656319.5984278255,682572.3823649385,-26252.783937113007,-0.03846153846153845,False,-31673.898978280893,3994.5285459543834,1.3571351359244472,False
136,2024-08-01,EU,REV,725229.9011808031,754239.0972280353,-29009.19604723225,-0.03846153846153863,False,-30973.56814438607,4576.914290246483,0.4291913661874652,False
154,2024-09-01,EU,REV,994745.049046068,1034534.8510079108,-39789.801961842815,-0.03846153846153855,False,-30409.503990115987,4575.456986653558,-2.05013357115777,False
172,2024-10-01,EU,REV,824207.7789319896,857176.0900892691,-32968.31115727953,-0.0384615384615384,False,-32336.824795398104,5755.143856404673,-0.1097255564130983,False
190,2024-11-01,EU,REV,697294.8761234118,725186.6711683483,-27891.795044936476,-0.038461538461538464,False,-32730.003326658258,5693.770167300804,0.8497371933815496,False
208,2024-12-01,EU,REV,544767.0888292006,566557.7723823687,-21790.683553168084,-0.03846153846153856,False,-30830.554882733984,4916.1414842962495,1.8388143137137491,False
226,2025-01-01,EU,REV,767275.4204953469,797966.4373151606,-30691.016819813754,-0.03846153846153832,False,-29617.09528359536,6174.659874017676,-0.1739239987513066,False
244,2025-02-01,EU,REV,1091445.5694839526,1135103.3922633107,-43657.82277935813,-0.038461538461538484,False,-30356.800764045485,5952.879206603406,-2.234384665584697,False
262,2025-03-01,EU,REV,839301.7051198891,872873.7733246846,-33572.068204795476,-0.038461538461538367,False,-32798.23855273313,7956.397319954783,-0.09725879954757537,False
280,2025-04-01,EU,REV,836472.6924573833,869931.6001556786,-33458.90769829531,-0.038461538461538436,False,-31761.949593225243,7235.948813336648,-0.23451770442908454,False
298,2025-05-01,EU,REV,903010.9966832504,939131.4365505804,-36120.43986733002,-0.038461538461538464,False,-31843.715683394537,7255.053694801523,-0.5894820857080476,False
316,2025-06-01,EU,REV,966465.3560945216,1005123.9703383023,-38658.614243780736,-0.03846153846153833,False,-33215.1564871268,7135.357234451591,-0.7628851055096908,False
334,2025-07-01,EU,REV,905632.5729237008,941857.8758406492,-36225.302916948334,-0.03846153846153877,False,-36026.47826889557,4609.947589334146,-0.04312948123592112,False
352,2025-08-01,EU,REV,814633.4792354443,847218.8184048622,-32585.339169417857,-0.03846153846153856,False,-36948.85928508467,3813.8103207662903,1.144136637290884,False
370,2025-09-01,EU,REV,891180.8548025346,926828.088994636,-35647.2341921014,-0.038461538461538484,False,-35103.44535009462,2294.4518690754685,-0.23700163395708904,False
388,2025-10-01,EU,REV,643271.0631394085,669001.9056649847,-25730.84252557624,-0.03846153846153832,False,-35449.30634797894,2170.5030873933733,4.477516700551629,True
406,2025-11-01,EU,REV,944907.620745403,982703.9255752192,-37796.30482981622,-0.03846153846153856,False,-34161.2954858591,4562.640434199838,-0.7966898545654524,False
424,2025-12-01,EU,REV,627124.7631628047,652209.7536893169,-25084.990526512265,-0.03846153846153858,False,-34440.60631294013,4753.848917528507,1.9680086491456663,False
442,2026-01-01,EU,REV,850916.5181277251,884953.1788528344,-34036.66072510928,-0.03846153846153876,False,-32178.335693395387,5514.0573692287035,-0.3370159044924538,False
460,2026-02-01,EU,REV,1044351.7272721056,1086125.7963629898,-41774.06909088418,-0.03846153846153842,False,-31813.561994755542,5259.300570672741,-1.8938843601506774,False
478,2026-03-01,EU,REV,732966.325439301,762284.978456873,-29318.65301757201,-0.03846153846153843,False,-33345.016981666595,6676.004011479977,0.6031098778806748,False
496,2026-04-01,EU,REV,732933.2698438106,762250.6006375632,-29317.330793752568,-0.03846153846153864,False,-32290.253452578367,6739.160094255857,0.44114142077731294,False
514,2026-05-01,EU,REV,833225.2000646839,866554.2080672713,-33329.00800258736,-0.038461538461538464,False,-32888.00149727442,6176.568221213302,-0.07139992460510929,False
532,2026-06-01,EU,REV,792796.1636869886,824508.0102344683,-31711.846547479625,-0.03846153846153856,False,-32143.45202606961,5718.861715404029,0.07547052194450457,False
550,2026-07-01,EU,REV,796936.4641636219,828813.9227301666,-31877.458566544814,-0.0384615384615384,False,-33247.92802956417,4616.754221186421,0.29684696160134194,False
568,2026-08-01,EU,REV,620130.7420699946,644935.9717527943,-24805.229682799774,-0.038461538461538464,False,-32888.06100313676,4627.119175426577,1.7468388026966748,False
586,2026-09-01,EU,REV,740691.5364389436,770319.1978965014,-29627.661457557813,-0.03846153846153855,False,-30059.921101789358,3014.3632802285083,0.1433999833619179,False
604,2026-10-01,EU,REV,842030.7082667903,875711.9365974619,-33681.22833067167,-0.038461538461538526,False,-30111.42250845366,3001.7789919969587,-1.1892300638173126,False
622,2026-11-01,EU,REV,702048.6836702095,730130.631017018,-28081.947346808505,-0.03846153846153863,False,-30838.738764606842,3286.103586990767,0.8389240767430751,False
640,2026-12-01,EU,REV,751349.7260086301,781403.7150489753,-30053.989040345186,-0.038461538461538436,False,-29964.228655310366,3187.545588010061,-0.028159718051548443,False
11,2024-01-01,EU,TRAVEL,-6250.0,-6062.5,-187.5,0.030927835051546393,False,,,,False
29,2024-02-01,EU,TRAVEL,-6250.0,-6062.5,-187.5,0.030927835051546393,False,,,,False
47,2024-03-01,EU,TRAVEL,-6250.0,-6062.5,-187.5,0.030927835051546393,False,,,,False
65,2024-04-01,EU,TRAVEL,-6250.0,-6062.5,-187.5,0.030927835051546393,False,-187.5,0.0,,False
83,2024-05-01,EU,TRAVEL,-6250.0,-6062.5,-187.5,0.030927835051546393,False,-187.5,0.0,,False
101,2024-06-01,EU,TRAVEL,-6250.0,-6062.5,-187.5,0.030927835051546393,False,-187.5,0.0,,False
119,2024-07-01,EU,TRAVEL,-6250.0,-6062.5,-187.5,0.030927835051546393,False,-187.5,0.0,,False
137,2024-08-01,EU,TRAVEL,-6250.0,-6062.5,-187.5,0.030927835051546393,False,-187.5,0.0,,False
155,2024-09-01,EU,TRAVEL,-6250.0,-6062.5,-187.5,0.030927835051546393,False,-187.5,0.0,,False
173,2024-10-01,EU,TRAVEL,-6250.0,-6062.5,-187.5,0.030927835051546393,False,-187.5,0.0,,False
191,2024-11-01,EU,TRAVEL,-6250.0,-6062.5,-187.5,0.030927835051546393,False,-187.5,0.0,,False
209,2024-12-01,EU,TRAVEL,-6250.0,-6062.5,-187.5,0.030927835051546393,False,-187.5,0.0,,False
227,2025-01-01,EU,TRAVEL,-6250.0,-6062.5,-187.5,0.030927835051546393,False,-187.5,0.0,,False
245,2025-02-01,EU,TRAVEL,-6250.0,-6062.5,-187.5,0.030927835051546393,False,-187.5,0.0,,False
263,2025-03-01,EU,TRAVEL,-6250.0,-6062.5,-187.5,0.030927835051546393,False,-187.5,0.0,,False
281,2025-04-01,EU,TRAVEL,-6250.0,-6062.5,-187.5,0.030927835051546393,False,-187.5,0.0,,False
299,2025-05-01,EU,TRAVEL,-6250.0,-6062.5,-187.5,0.030927835051546393,False,-187.5,0.0,,False
317,2025-06-01,EU,TRAVEL,-6250.0,-6062.5,-187.5,0.030927835051546393,False,-187.5,0.0,,False
335,2025-07-01,EU,TRAVEL,-6250.0,-6062.5,-187.5,0.030927835051546393,False,-187.5,0.0,,False
353,2025-08-01,EU,TRAVEL,-6250.0,-6062.5,-187.5,0.030927835051546393,False,-187.5,0.0,,False
371,2025-09-01,EU,TRAVEL,-6250.0,-6062.5,-187.5,0.030927835051546393,False,-187.5,0.0,,False
389,2025-10-01,EU,TRAVEL,-6250.0,-6062.5,-187.5,0.030927835051546393,False,-187.5,0.0,,False
407,2025-11-01,EU,TRAVEL,-6250.0,-6062.5,-187.5,0.030927835051546393,False,-187.5,0.0,,False
425,2025-12-01,EU,TRAVEL,-6250.0,-6062.5,-187.5,0.030927835051546393,False,-187.5,0.0,,False
443,2026-01-01,EU,TRAVEL,-6250.0,-6062.5,-187.5,0.030927835051546393,False,-187.5,0.0,,False
461,2026-02-01,EU,TRAVEL,-6250.0,-6062.5,-187.5,0.030927835051546393,False,-187.5,0.0,,False
479,2026-03-01,EU,TRAVEL,-6250.0,-6062.5,-187.5,0.030927835051546393,False,-187.5,0.0,,False
497,2026-04-01,EU,TRAVEL,-6250.0,-6062.5,-187.5,0.030927835051546393,False,-187.5,0.0,,False
515,2026-05-01,EU,TRAVEL,-6250.0,-6062.5,-187.5,0.030927835051546393,False,-187.5,0.0,,False
533,2026-06-01,EU,TRAVEL,-6250.0,-6062.5,-187.5,0.030927835051546393,False,-187.5,0.0,,False
551,2026-07-01,EU,TRAVEL,-6250.0,-6062.5,-187.5,0.030927835051546393,False,-187.5,0.0,,False
569,2026-08-01,EU,TRAVEL,-6250.0,-6062.5,-187.5,0.030927835051546393,False,-187.5,0.0,,False
587,2026-09-01,EU,TRAVEL,-6250.0,-6062.5,-187.5,0.030927835051546393,False,-187.5,0.0,,False
605,2026-10-01,EU,TRAVEL,-6250.0,-6062.5,-187.5,0.030927835051546393,False,-187.5,0.0,,False
623,2026-11-01,EU,TRAVEL,-6250.0,-6062.5,-187.5,0.030927835051546393,False,-187.5,0.0,,False
641,2026-12-01,EU,TRAVEL,-6250.0,-6062.5,-187.5,0.030927835051546393,False,-187.5,0.0,,False
12,2024-01-01,OTHER,COGS,-252670.0360757496,-247616.6353542346,-5053.400721515005,0.020408163265306176,False,,,,False
30,2024-02-01,OTHER,COGS,-415971.0411978583,-407651.6203739011,-8319.420823957189,0.02040816326530618,False,,,,False
48,2024-03-01,OTHER,COGS,-306622.63769043057,-300490.184936622,-6132.452753808581,0.020408163265306024,False,,,,False
66,2024-04-01,OTHER,COGS,-431178.3083502735,-422554.7421832681,-8623.566167005396,0.020408163265305944,False,-6501.758099760259,1664.0347521312406,-1.2750984103712952,False
84,2024-05-01,OTHER,COGS,-356713.92453013436,-349579.64603953174,-7134.278490602621,0.02040816326530593,False,-7032.210116571543,1723.81122499641,-0.05921087677758358,False
102,2024-06-01,OTHER,COGS,-398842.02904223977,-390865.1884613951,-7976.8405808446705,0.020408163265305798,False,-7052.623791377759,1493.5619991025437,-0.6188004180758871,False
120,2024-07-01,OTHER,COGS,-350905.9540878126,-343887.83500605635,-7018.119081756275,0.020408163265306187,False,-7206.659922955577,1388.144349525403,0.1358222156534102,False
138,2024-08-01,OTHER,COGS,-406112.9954874255,-397990.73557767697,-8122.259909748507,0.020408163265306117,False,-7534.112982995789,937.0584930120403,-0.6276523089420001,False
156,2024-09-01,OTHER,COGS,-236497.29117826532,-231767.3453547,-4729.945823565329,0.020408163265306218,False,-7501.252830627675,906.9865226475262,3.055510680547713,True
174,2024-10-01,OTHER,COGS,-269166.97446412675,-263783.63497484423,-5383.339489282516,0.02040816326530605,False,-7267.501675587133,1385.0497480969723,1.3603570477475007,False
192,2024-11-01,OTHER,COGS,-261189.5291148527,-255965.7385325557,-5223.790582297021,0.02040816326530599,False,-6727.463895966653,1382.2536266856125,1.0878418291982792,False
210,2024-12-01,OTHER,COGS,-365731.50686921406,-358416.8767318298,-7314.630137384287,0.020408163265306138,False,-6409.049244582387,1485.9564879877234,-0.6094262517930351,False
228,2025-01-01,OTHER,COGS,-351411.9080569813,-344383.6698958416,-7028.238161139656,0.02040816326530621,False,-6298.6808373389895,1365.9687689261557,-0.5340951714248939,False
246,2025-02-01,OTHER,COGS,-432548.2456465561,-423897.28073362494,-8650.964912931144,0.020408163265306176,False,-6300.367350569552,1367.040513198339,-1.7194790788329413,False
264,2025-03-01,OTHER,COGS,-441863.4499566906,-433026.1809575568,-8837.268999133783,0.02040816326530605,False,-6388.484851099992,1516.8010458341669,-1.6144399127092366,False
282,2025-04-01,OTHER,COGS,-363124.928737535,-355862.4301627843,-7262.498574750731,0.02040816326530621,False,-7073.038713694735,1545.1559931776326,-0.12261536174504263,False
300,2025-05-01,OTHER,COGS,-429694.57876454096,-421100.6871892501,-8593.89157529088,0.02040816326530627,False,-7386.231894606103,1306.1245709976974,-0.9246129408332717,False
318,2025-06-01,OTHER,COGS,-475962.03427908773,-466442.7935935061,-9519.240685581695,0.02040816326530599,False,-7947.915393438413,826.9421180260671,-1.9001635760119193,False
336,2025-07-01,OTHER,COGS,-219427.50340479825,-215038.95333670225,-4388.550068095996,0.02040816326530627,False,-8315.350484804649,967.1740290988938,4.060076365333354,True
354,2025-08-01,OTHER,COGS,-300412.70165301365,-294404.44761995337,-6008.25403306028,0.02040816326530614,False,-7875.402469297372,1858.9731495455837,1.0043977432882807,False
372,2025-09-01,OTHER,COGS,-267396.1618778565,-262048.2386402993,-5347.923237557174,0.02040816326530629,False,-7434.950655985561,1949.3416957284112,1.0706319076853927,False
390,2025-10-01,OTHER,COGS,-377076.8506932722,-369535.31367940665,-7541.5370138654835,0.02040816326530624,False,-6853.393029056126,1967.7193043028108,-0.3497165389924232,False
408,2025-11-01,OTHER,COGS,-377442.9996254125,-369894.1396329042,-7548.859992508311,0.02040816326530629,False,-6899.899435575251,1982.563695009922,-0.32733402642572446,False
426,2025-12-01,OTHER,COGS,-289952.43949750345,-284153.39070755336,-5799.048789950088,0.02040816326530619,False,-6725.727505111489,1845.1189279135729,0.5022325125726574,False
444,2026-01-01,OTHER,COGS,-371171.8523859885,-363748.4153382689,-7423.437047719664,0.020408163265305826,False,-6105.695522506222,1246.651425674118,-1.0570248411667142,False
462,2026-02-01,OTHER,COGS,-394737.4616991907,-386842.71246520686,-7894.749233983864,0.020408163265306256,False,-6611.5100191101665,1002.3435809639831,-1.2802388714252737,False
480,2026-03-01,OTHER,COGS,-401442.0174473921,-393413.1770984442,-8028.840348947909,0.020408163265306298,False,-6925.925885930764,1068.9344550094613,-1.0317886731487038,False
498,2026-04-01,OTHER,COGS,-432902.65951485385,-424244.6063245567,-8658.053190297156,0.020408163265306308,False,-7372.745404495887,805.1765280937602,-1.5963055813912144,False
516,2026-05-01,OTHER,COGS,-283859.7231182709,-278182.52865590545,-5677.194462365471,0.020408163265306315,False,-7558.831433901166,965.1221313154585,1.9496361242602835,False
534,2026-06-01,OTHER,COGS,-253933.0300799081,-248854.36947831,-5078.660601598094,0.020408163265305847,False,-7246.887178877359,1234.0102588979457,1.7570571732650235,False
552,2026-07-01,OTHER,COGS,-450457.304210859,-441448.1581266418,-9009.14608421718,0.020408163265306117,False,-7126.822480818693,1423.5437397548417,-1.3222801314996158,False
570,2026-08-01,OTHER,COGS,-328240.22028929216,-321675.4158835063,-6564.804405785864,0.02040816326530619,False,-7391.107320234946,1622.8657975025276,0.5091628129206384,False
588,2026-09-01,OTHER,COGS,-400649.3367716705,-392636.3500362371,-8012.986735433398,0.02040816326530609,False,-7169.449848868612,1631.1220742166934,-0.5171512910643884,False
606,2026-10-01,OTHER,COGS,-268268.0290520473,-262902.66847100627,-5365.360581041023,0.02040816326530642,False,-7166.807579949527,1629.463510658859,1.1055460813480296,False
624,2026-11-01,OTHER,COGS,-371259.7896204042,-363834.59382799617,-7425.19579240802,0.020408163265305944,False,-6618.025478406838,1580.5178716165897,-0.5106998968481067,False
642,2026-12-01,OTHER,COGS,-272779.4243007214,-267323.8358147069,-5455.588486014458,0.020408163265306242,False,-6909.35903341393,1532.7943884238418,0.9484445913808248,False
13,2024-01-01,OTHER,IT,-9166.666666666666,-8891.666666666666,-275.0,0.030927835051546393,False,,,,False
31,2024-02-01,OTHER,IT,-9166.666666666666,-8891.666666666666,-275.0,0.030927835051546393,False,,,,False
49,2024-03-01,OTHER,IT,-9166.666666666666,-8891.666666666666,-275.0,0.030927835051546393,False,,,,False
67,2024-04-01,OTHER,IT,-9166.666666666666,-8891.666666666666,-275.0,0.030927835051546393,False,-275.0,0.0,,False
85,2024-05-01,OTHER,IT,-9166.666666666666,-8891.666666666666,-275.0,0.030927835051546393,False,-275.0,0.0,,False
103,2024-06-01,OTHER,IT,-9166.666666666666,-8891.666666666666,-275.0,0.030927835051546393,False,-275.0,0.0,,False
121,2024-07-01,OTHER,IT,-9166.666666666666,-8891.666666666666,-275.0,0.030927835051546393,False,-275.0,0.0,,False
139,2024-08-01,OTHER,IT,-9166.666666666666,-8891.666666666666,-275.0,0.030927835051546393,False,-275.0,0.0,,False
157,2024-09-01,OTHER,IT,-9166.666666666666,-8891.666666666666,-275.0,0.030927835051546393,False,-275.0,0.0,,False
175,2024-10-01,OTHER,IT,-9166.666666666666,-8891.666666666666,-275.0,0.030927835051546393,False,-275.0,0.0,,False
193,2024-11-01,OTHER,IT,-9166.666666666666,-8891.666666666666,-275.0,0.030927835051546393,False,-275.0,0.0,,False
211,2024-12-01,OTHER,IT,-9166.666666666666,-8891.666666666666,-275.0,0.030927835051546393,False,-275.0,0.0,,False
229,2025-01-01,OTHER,IT,-9166.666666666666,-8891.666666666666,-275.0,0.030927835051546393,False,-275.0,0.0,,False
247,2025-02-01,OTHER,IT,-9166.666666666666,-8891.666666666666,-275.0,0.030927835051546393,False,-275.0,0.0,,False
265,2025-03-01,OTHER,IT,-9166.666666666666,-8891.666666666666,-275.0,0.030927835051546393,False,-275.0,0.0,,False
283,2025-04-01,OTHER,IT,-9166.666666666666,-8891.666666666666,-275.0,0.030927835051546393,False,-275.0,0.0,,False
301,2025-05-01,OTHER,IT,-9166.666666666666,-8891.666666666666,-275.0,0.030927835051546393,False,-275.0,0.0,,False
319,2025-06-01,OTHER,IT,-9166.666666666666,-8891.666666666666,-275.0,0.030927835051546393,False,-275.0,0.0,,False
337,2025-07-01,OTHER,IT,-9166.666666666666,-8891.666666666666,-275.0,0.030927835051546393,False,-275.0,0.0,,False
355,2025-08-01,OTHER,IT,-9166.666666666666,-8891.666666666666,-275.0,0.030927835051546393,False,-275.0,0.0,,False
373,2025-09-01,OTHER,IT,-9166.666666666666,-8891.666666666666,-275.0,0.030927835051546393,False,-275.0,0.0,,False
391,2025-10-01,OTHER,IT,-9166.666666666666,-8891.666666666666,-275.0,0.030927835051546393,False,-275.0,0.0,,False
409,2025-11-01,OTHER,IT,-9166.666666666666,-8891.666666666666,-275.0,0.030927835051546393,False,-275.0,0.0,,False
427,2025-12-01,OTHER,IT,-9166.666666666666,-8891.666666666666,-275.0,0.030927835051546393,False,-275.0,0.0,,False
445,2026-01-01,OTHER,IT,-9166.666666666666,-8891.666666666666,-275.0,0.030927835051546393,False,-275.0,0.0,,False
463,2026-02-01,OTHER,IT,-9166.666666666666,-8891.666666666666,-275.0,0.030927835051546393,False,-275.0,0.0,,False
481,2026-03-01,OTHER,IT,-9166.666666666666,-8891.666666666666,-275.0,0.030927835051546393,False,-275.0,0.0,,False
499,2026-04-01,OTHER,IT,-9166.666666666666,-8891.666666666666,-275.0,0.030927835051546393,False,-275.0,0.0,,False
517,2026-05-01,OTHER,IT,-9166.666666666666,-8891.666666666666,-275.0,0.030927835051546393,False,-275.0,0.0,,False
535,2026-06-01,OTHER,IT,-9166.666666666666,-8891.666666666666,-275.0,0.030927835051546393,False,-275.0,0.0,,False
553,2026-07-01,OTHER,IT,-9166.666666666666,-8891.666666666666,-275.0,0.030927835051546393,False,-275.0,0.0,,False
571,2026-08-01,OTHER,IT,-9166.666666666666,-8891.666666666666,-275.0,0.030927835051546393,False,-275.0,0.0,,False
589,2026-09-01,OTHER,IT,-9166.666666666666,-8891.666666666666,-275.0,0.030927835051546393,False,-275.0,0.0,,False
607,2026-10-01,OTHER,IT,-9166.666666666666,-8891.666666666666,-275.0,0.030927835051546393,False,-275.0,0.0,,False
625,2026-11-01,OTHER,IT,-9166.666666666666,-8891.666666666666,-275.0,0.030927835051546393,False,-275.0,0.0,,False
643,2026-12-01,OTHER,IT,-9166.666666666666,-8891.666666666666,-275.0,0.030927835051546393,False,-275.0,0.0,,False
14,2024-01-01,OTHER,MARKETING,-18333.33333333333,-17783.333333333332,-549.9999999999964,0.030927835051546188,False,,,,False
32,2024-02-01,OTHER,MARKETING,-18333.33333333333,-17783.333333333332,-549.9999999999964,0.030927835051546188,False,,,,False
50,2024-03-01,OTHER,MARKETING,-18333.33333333333,-17783.333333333332,-549.9999999999964,0.030927835051546188,False,,,,False
68,2024-04-01,OTHER,MARKETING,-18333.33333333333,-17783.333333333332,-549.9999999999964,0.030927835051546188,False,-549.9999999999964,0.0,,False
86,2024-05-01,OTHER,MARKETING,-18333.33333333333,-17783.333333333332,-549.9999999999964,0.030927835051546188,False,-549.9999999999964,0.0,,False
104,2024-06-01,OTHER,MARKETING,-18333.33333333333,-17783.333333333332,-549.9999999999964,0.030927835051546188,False,-549.9999999999964,0.0,,False
122,2024-07-01,OTHER,MARKETING,-18333.33333333333,-17783.333333333332,-549.9999999999964,0.030927835051546188,False,-549.9999999999964,0.0,,False
140,2024-08-01,OTHER,MARKETING,-18333.33333333333,-17783.333333333332,-549.9999999999964,0.030927835051546188,False,-549.9999999999964,0.0,,False
158,2024-09-01,OTHER,MARKETING,-18333.33333333333,-17783.333333333332,-549.9999999999964,0.030927835051546188,False,-549.9999999999964,0.0,,False
176,2024-10-01,OTHER,MARKETING,-18333.33333333333,-17783.333333333332,-549.9999999999964,0.030927835051546188,False,-549.9999999999964,0.0,,False
194,2024-11-01,OTHER,MARKETING,-18333.33333333333,-17783.333333333332,-549.9999999999964,0.030927835051546188,False,-549.9999999999964,0.0,,False
212,2024-12-01,OTHER,MARKETING,-18333.33333333333,-17783.333333333332,-549.9999999999964,0.030927835051546188,False,-549.9999999999964,0.0,,False
230,2025-01-01,OTHER,MARKETING,-18333.33333333333,-17783.333333333332,-549.9999999999964,0.030927835051546188,False,-549.9999999999964,0.0,,False
248,2025-02-01,OTHER,MARKETING,-18333.33333333333,-17783.333333333332,-549.9999999999964,0.030927835051546188,False,-549.9999999999964,0.0,,False
266,2025-03-01,OTHER,MARKETING,-18333.33333333333,-17783.333333333332,-549.9999999999964,0.030927835051546188,False,-549.9999999999964,0.0,,False
284,2025-04-01,OTHER,MARKETING,-18333.33333333333,-17783.333333333332,-549.9999999999964,0.030927835051546188,False,-549.9999999999964,0.0,,False
302,2025-05-01,OTHER,MARKETING,-18333.33333333333,-17783.333333333332,-549.9999999999964,0.030927835051546188,False,-549.9999999999964,0.0,,False
320,2025-06-01,OTHER,MARKETING,-18333.33333333333,-17783.333333333332,-549.9999999999964,0.030927835051546188,False,-549.9999999999964,0.0,,False
338,2025-07-01,OTHER,MARKETING,-18333.33333333333,-17783.333333333332,-549.9999999999964,0.030927835051546188,False,-549.9999999999964,0.0,,False
356,2025-08-01,OTHER,MARKETING,-18333.33333333333,-17783.333333333332,-549.9999999999964,0.030927835051546188,False,-549.9999999999964,0.0,,False
374,2025-09-01,OTHER,MARKETING,-18333.33333333333,-17783.333333333332,-549.9999999999964,0.030927835051546188,False,-549.9999999999964,0.0,,False
392,2025-10-01,OTHER,MARKETING,-18333.33333333333,-17783.333333333332,-549.9999999999964,0.030927835051546188,False,-549.9999999999964,0.0,,False
410,2025-11-01,OTHER,MARKETING,-18333.33333333333,-17783.333333333332,-549.9999999999964,0.030927835051546188,False,-549.9999999999964,0.0,,False
428,2025-12-01,OTHER,MARKETING,-18333.33333333333,-17783.333333333332,-549.9999999999964,0.030927835051546188,False,-549.9999999999964,0.0,,False
446,2026-01-01,OTHER,MARKETING,-18333.33333333333,-17783.333333333332,-549.9999999999964,0.030927835051546188,False,-549.9999999999964,0.0,,False
464,2026-02-01,OTHER,MARKETING,-18333.33333333333,-17783.333333333332,-549.9999999999964,0.030927835051546188,False,-549.9999999999964,0.0,,False
482,2026-03-01,OTHER,MARKETING,-18333.33333333333,-17783.333333333332,-549.9999999999964,0.030927835051546188,False,-549.9999999999964,0.0,,False
500,2026-04-01,OTHER,MARKETING,-18333.33333333333,-17783.333333333332,-549.9999999999964,0.030927835051546188,False,-549.9999999999964,0.0,,False
518,2026-05-01,OTHER,MARKETING,-18333.33333333333,-17783.333333333332,-549.9999999999964,0.030927835051546188,False,-549.9999999999964,0.0,,False
536,2026-06-01,OTHER,MARKETING,-18333.33333333333,-17783.333333333332,-549.9999999999964,0.030927835051546188,False,-549.9999999999964,0.0,,False
554,2026-07-01,OTHER,MARKETING,-18333.33333333333,-17783.333333333332,-549.9999999999964,0.030927835051546188,False,-549.9999999999964,0.0,,False
572,2026-08-01,OTHER,MARKETING,-18333.33333333333,-17783.333333333332,-549.9999999999964,0.030927835051546188,False,-549.9999999999964,0.0,,False
590,2026-09-01,OTHER,MARKETING,-18333.33333333333,-17783.333333333332,-549.9999999999964,0.030927835051546188,False,-549.9999999999964,0.0,,False
608,2026-10-01,OTHER,MARKETING,-18333.33333333333,-17783.333333333332,-549.9999999999964,0.030927835051546188,False,-549.9999999999964,0.0,,False
626,2026-11-01,OTHER,MARKETING,-18333.33333333333,-17783.333333333332,-549.9999999999964,0.030927835051546188,False,-549.9999999999964,0.0,,False
644,2026-12-01,OTHER,MARKETING,-18333.33333333333,-17783.333333333332,-549.9999999999964,0.030927835051546188,False,-549.9999999999964,0.0,,False
15,2024-01-01,OTHER,PAYROLL,-70833.33333333331,-68708.33333333331,-2125.0,0.0309278350515464,False,,,,False
33,2024-02-01,OTHER,PAYROLL,-70833.33333333331,-68708.33333333331,-2125.0,0.0309278350515464,False,,,,False
51,2024-03-01,OTHER,PAYROLL,-70833.33333333331,-68708.33333333331,-2125.0,0.0309278350515464,False,,,,False
69,2024-04-01,OTHER,PAYROLL,-70833.33333333331,-68708.33333333331,-2125.0,0.0309278350515464,False,-2125.0,0.0,,False
87,2024-05-01,OTHER,PAYROLL,-70833.33333333331,-68708.33333333331,-2125.0,0.0309278350515464,False,-2125.0,0.0,,False
105,2024-06-01,OTHER,PAYROLL,-70833.33333333331,-68708.33333333331,-2125.0,0.0309278350515464,False,-2125.0,0.0,,False
123,2024-07-01,OTHER,PAYROLL,-70833.33333333331,-68708.33333333331,-2125.0,0.0309278350515464,False,-2125.0,0.0,,False
141,2024-08-01,OTHER,PAYROLL,-70833.33333333331,-68708.33333333331,-2125.0,0.0309278350515464,False,-2125.0,0.0,,False
159,2024-09-01,OTHER,PAYROLL,-70833.33333333331,-68708.33333333331,-2125.0,0.0309278350515464,False,-2125.0,0.0,,False
177,2024-10-01,OTHER,PAYROLL,-70833.33333333331,-68708.33333333331,-2125.0,0.0309278350515464,False,-2125.0,0.0,,False
195,2024-11-01,OTHER,PAYROLL,-70833.33333333331,-68708.33333333331,-2125.0,0.0309278350515464,False,-2125.0,0.0,,False
213,2024-12-01,OTHER,PAYROLL,-70833.33333333331,-68708.33333333331,-2125.0,0.0309278350515464,False,-2125.0,0.0,,False
231,2025-01-01,OTHER,PAYROLL,-70833.33333333331,-68708.33333333331,-2125.0,0.0309278350515464,False,-2125.0,0.0,,False
249,2025-02-01,OTHER,PAYROLL,-70833.33333333331,-68708.33333333331,-2125.0,0.0309278350515464,False,-2125.0,0.0,,False
267,2025-03-01,OTHER,PAYROLL,-70833.33333333331,-68708.33333333331,-2125.0,0.0309278350515464,False,-2125.0,0.0,,False
285,2025-04-01,OTHER,PAYROLL,-70833.33333333331,-68708.33333333331,-2125.0,0.0309278350515464,False,-2125.0,0.0,,False
303,2025-05-01,OTHER,PAYROLL,-70833.33333333331,-68708.33333333331,-2125.0,0.0309278350515464,False,-2125.0,0.0,,False
321,2025-06-01,OTHER,PAYROLL,-70833.33333333331,-68708.33333333331,-2125.0,0.0309278350515464,False,-2125.0,0.0,,False
339,2025-07-01,OTHER,PAYROLL,-70833.33333333331,-68708.33333333331,-2125.0,0.0309278350515464,False,-2125.0,0.0,,False
357,2025-08-01,OTHER,PAYROLL,-70833.33333333331,-68708.33333333331,-2125.0,0.0309278350515464,False,-2125.0,0.0,,False
375,2025-09-01,OTHER,PAYROLL,-70833.33333333331,-68708.33333333331,-2125.0,0.0309278350515464,False,-2125.0,0.0,,False
393,2025-10-01,OTHER,PAYROLL,-70833.33333333331,-68708.33333333331,-2125.0,0.0309278350515464,False,-2125.0,0.0,,False
411,2025-11-01,OTHER,PAYROLL,-70833.33333333331,-68708.33333333331,-2125.0,0.0309278350515464,False,-2125.0,0.0,,False
429,2025-12-01,OTHER,PAYROLL,-70833.33333333331,-68708.33333333331,-2125.0,0.0309278350515464,False,-2125.0,0.0,,False
447,2026-01-01,OTHER,PAYROLL,-70833.33333333331,-68708.33333333331,-2125.0,0.0309278350515464,False,-2125.0,0.0,,False
465,2026-02-01,OTHER,PAYROLL,-70833.33333333331,-68708.33333333331,-2125.0,0.0309278350515464,False,-2125.0,0.0,,False
483,2026-03-01,OTHER,PAYROLL,-70833.33333333331,-68708.33333333331,-2125.0,0.0309278350515464,False,-2125.0,0.0,,False
501,2026-04-01,OTHER,PAYROLL,-70833.33333333331,-68708.33333333331,-2125.0,0.0309278350515464,False,-2125.0,0.0,,False
519,2026-05-01,OTHER,PAYROLL,-70833.33333333331,-68708.33333333331,-2125.0,0.0309278350515464,False,-2125.0,0.0,,False
537,2026-06-01,OTHER,PAYROLL,-70833.33333333331,-68708.33333333331,-2125.0,0.0309278350515464,False,-2125.0,0.0,,False
555,2026-07-01,OTHER,PAYROLL,-70833.33333333331,-68708.33333333331,-2125.0,0.0309278350515464,False,-2125.0,0.0,,False
573,2026-08-01,OTHER,PAYROLL,-70833.33333333331,-68708.33333333331,-2125.0,0.0309278350515464,False,-2125.0,0.0,,False
591,2026-09-01,OTHER,PAYROLL,-70833.33333333331,-68708.33333333331,-2125.0,0.0309278350515464,False,-2125.0,0.0,,False
609,2026-10-01,OTHER,PAYROLL,-70833.33333333331,-68708.33333333331,-2125.0,0.0309278350515464,False,-2125.0,0.0,,False
627,2026-11-01,OTHER,PAYROLL,-70833.33333333331,-68708.33333333331,-2125.0,0.0309278350515464,False,-2125.0,0.0,,False
645,2026-12-01,OTHER,PAYROLL,-70833.33333333331,-68708.33333333331,-2125.0,0.0309278350515464,False,-2125.0,0.0,,False
16,2024-01-01,OTHER,REV,537595.821437765,559099.6542952758,-21503.83285751077,-0.03846153846153876,False,,,,False
34,2024-02-01,OTHER,REV,885044.7685060815,920446.5592463248,-35401.79074024328,-0.038461538461538484,False,,,,False
52,2024-03-01,OTHER,REV,652388.5908307035,678484.1344639317,-26095.543633228168,-0.0384615384615385,False,,,,False
70,2024-04-01,OTHER,REV,917400.656064412,954096.6823069884,-36696.02624257642,-0.038461538461538415,False,-27667.055743660738,7080.998945239216,-1.2750984103713436,False
88,2024-05-01,OTHER,REV,758965.7968726264,789324.4287475316,-30358.6318749052,-0.03846153846153864,False,-29924.29836838966,7335.366914878335,-0.05921087677762668,False
106,2024-06-01,OTHER,REV,848600.0617919997,882544.0642636798,-33944.002471680054,-0.03846153846153853,False,-30011.165069692768,6355.582974904441,-0.6188004180759544,False
124,2024-07-01,OTHER,REV,746608.4129527928,776472.7494709046,-29864.33651811176,-0.03846153846153851,False,-30666.63797002398,5906.997232023038,0.1358222156534597,False
142,2024-08-01,OTHER,REV,864070.2031647351,898633.0112913245,-34562.8081265894,-0.038461538461538464,False,-32060.055246790813,3987.4829489874332,-0.6276523089419421,False
160,2024-09-01,OTHER,REV,503185.7259112029,523313.1549476509,-20127.42903644807,-0.03846153846153838,False,-31920.224811181834,3859.5171176491003,3.0555106805477683,True
178,2024-10-01,OTHER,REV,572695.690349206,595603.517963174,-22907.827613968053,-0.038461538461538165,False,-30925.539045051817,5893.828715306426,1.3603570477475126,False
196,2024-11-01,OTHER,REV,555722.402372027,577951.2984669082,-22228.89609488112,-0.03846153846153852,False,-28627.505940283754,5881.930326321951,1.087841829198234,False
214,2024-12-01,OTHER,REV,778152.1422749236,809278.2279659206,-31126.085690996963,-0.038461538461538484,False,-27272.549976946408,6323.2190978202425,-0.6094262517930078,False
232,2025-01-01,OTHER,REV,747684.9107595347,777592.3071899161,-29907.396430381454,-0.03846153846153855,False,-26802.89718016589,5812.633059260252,-0.5340951714248857,False
250,2025-02-01,OTHER,REV,920315.4162692685,957128.032920039,-36812.616650770535,-0.038461538461538256,False,-26810.07383221084,5817.193673184435,-1.7194790788328909,False
268,2025-03-01,OTHER,REV,940134.9999078524,977740.3999041663,-37605.39999631397,-0.03846153846153833,False,-27185.041919574363,6454.472535464465,-1.6144399127092663,False
286,2025-04-01,OTHER,REV,772606.2313564577,803510.4806107159,-30904.249254258237,-0.038461538461538367,False,-30098.037079552014,6575.131885862189,-0.12261536174502229,False
304,2025-05-01,OTHER,REV,914243.7846054065,950813.5359896228,-36569.75138421624,-0.03846153846153845,False,-31430.774019600376,5557.976897862436,-0.9246129408332519,False
322,2025-06-01,OTHER,REV,1012685.179317208,1053192.5864898963,-40507.40717268828,-0.03846153846153843,False,-33820.9165678229,3518.9026298981194,-1.9001635760120412,False
340,2025-07-01,OTHER,REV,466867.02852084744,485541.7096616813,-18674.681140833884,-0.038461538461538436,False,-35384.47014810479,4115.634166378353,4.060076365333284,True
358,2025-08-01,OTHER,REV,639175.9609638589,664742.9994024133,-25567.03843855439,-0.038461538461538505,False,-33512.35093318019,7910.524040619566,1.0043977432882574,False
376,2025-09-01,OTHER,REV,568928.0039954394,591685.124155257,-22757.120159817627,-0.03846153846153855,False,-31638.087897810834,8295.071045652874,1.0706319076853934,False
394,2025-10-01,OTHER,REV,802291.171687813,834382.8185553255,-32091.64686751249,-0.03846153846153843,False,-29163.37459172811,8373.273635331168,-0.3497165389924063,False
412,2025-11-01,OTHER,REV,803070.2119689628,835193.0204477214,-32122.808478758554,-0.03846153846153851,False,-29361.27419393715,8436.441255361424,-0.32733402642570714,False
430,2025-12-01,OTHER,REV,616920.0840372414,641596.8873987311,-24676.803361489667,-0.038461538461538484,False,-28620.117043027538,7851.569906015288,0.502232512572651,False
448,2026-01-01,OTHER,REV,789727.3455021031,821316.4393221873,-31589.09382008424,-0.0384615384615386,False,-25981.683074494435,5304.899683719612,-1.0570248411668517,False
466,2026-02-01,OTHER,REV,839866.9397855124,873461.6173769328,-33594.67759142036,-0.03846153846153831,False,-28134.08518770283,4265.291833889344,-1.2802388714251804,False
484,2026-03-01,OTHER,REV,854131.9520157278,888297.2300963571,-34165.2780806293,-0.038461538461538665,False,-29472.025046513823,4548.657255359403,-1.0317886731486983,False
502,2026-04-01,OTHER,REV,921069.4883294762,957912.2678626551,-36842.779533178895,-0.038461538461538304,False,-31373.384699982435,3426.2830982712712,-1.5963055813911113,False
520,2026-05-01,OTHER,REV,603956.8576984487,628115.1320063865,-24158.274307937827,-0.03846153846153828,False,-32165.24014426017,4106.9026864486195,1.9496361242604077,False
538,2026-06-01,OTHER,REV,540283.0427232088,561894.3644321371,-21611.321708928328,-0.03846153846153842,False,-30837.817782456714,5251.107484672068,1.7570571732649616,False
556,2026-07-01,OTHER,REV,958419.796193317,996756.58804105,-38336.79184773285,-0.038461538461538616,False,-30326.90417369649,6057.632935126845,-1.322280131499687,False
574,2026-08-01,OTHER,REV,698383.447424026,726318.785320987,-27935.33789696102,-0.038461538461538436,False,-31451.520511637926,6905.811904265997,0.5091628129206384,False
592,2026-09-01,OTHER,REV,852445.397386533,886543.2132819943,-34097.81589546136,-0.038461538461538505,False,-30508.297229228036,6940.944996666718,-0.5171512910644208,False
610,2026-10-01,OTHER,REV,570783.0405362707,593614.3621577215,-22831.32162145083,-0.038461538461538464,False,-30497.053531700047,6933.887279399357,1.1055460813480742,False
628,2026-11-01,OTHER,REV,789914.4460008602,821511.0238408946,-31596.577840034384,-0.038461538461538436,False,-28161.810546412034,6725.607964326021,-0.5106998968481433,False
646,2026-12-01,OTHER,REV,580381.7538313221,603597.023984575,-23215.270153252877,-0.03846153846153845,False,-29401.527801761462,6522.529312441962,0.9484445913808426,False
17,2024-01-01,OTHER,TRAVEL,-6250.0,-6062.5,-187.5,0.030927835051546393,False,,,,False
35,2024-02-01,OTHER,TRAVEL,-6250.0,-6062.5,-187.5,0.030927835051546393,False,,,,False
53,2024-03-01,OTHER,TRAVEL,-6250.0,-6062.5,-187.5,0.030927835051546393,False,,,,False
71,2024-04-01,OTHER,TRAVEL,-6250.0,-6062.5,-187.5,0.030927835051546393,False,-187.5,0.0,,False
89,2024-05-01,OTHER,TRAVEL,-6250.0,-6062.5,-187.5,0.030927835051546393,False,-187.5,0.0,,False
107,2024-06-01,OTHER,TRAVEL,-6250.0,-6062.5,-187.5,0.030927835051546393,False,-187.5,0.0,,False
125,2024-07-01,OTHER,TRAVEL,-6250.0,-6062.5,-187.5,0.030927835051546393,False,-187.5,0.0,,False
143,2024-08-01,OTHER,TRAVEL,-6250.0,-6062.5,-187.5,0.030927835051546393,False,-187.5,0.0,,False
161,2024-09-01,OTHER,TRAVEL,-6250.0,-6062.5,-187.5,0.030927835051546393,False,-187.5,0.0,,False
179,2024-10-01,OTHER,TRAVEL,-6250.0,-6062.5,-187.5,0.030927835051546393,False,-187.5,0.0,,False
197,2024-11-01,OTHER,TRAVEL,-6250.0,-6062.5,-187.5,0.030927835051546393,False,-187.5,0.0,,False
215,2024-12-01,OTHER,TRAVEL,-6250.0,-6062.5,-187.5,0.030927835051546393,False,-187.5,0.0,,False
233,2025-01-01,OTHER,TRAVEL,-6250.0,-6062.5,-187.5,0.030927835051546393,False,-187.5,0.0,,False
251,2025-02-01,OTHER,TRAVEL,-6250.0,-6062.5,-187.5,0.030927835051546393,False,-187.5,0.0,,False
269,2025-03-01,OTHER,TRAVEL,-6250.0,-6062.5,-187.5,0.030927835051546393,False,-187.5,0.0,,False
287,2025-04-01,OTHER,TRAVEL,-6250.0,-6062.5,-187.5,0.030927835051546393,False,-187.5,0.0,,False
305,2025-05-01,OTHER,TRAVEL,-6250.0,-6062.5,-187.5,0.030927835051546393,False,-187.5,0.0,,False
323,2025-06-01,OTHER,TRAVEL,-6250.0,-6062.5,-187.5,0.030927835051546393,False,-187.5,0.0,,False
341,2025-07-01,OTHER,TRAVEL,-6250.0,-6062.5,-187.5,0.030927835051546393,False,-187.5,0.0,,False
359,2025-08-01,OTHER,TRAVEL,-6250.0,-6062.5,-187.5,0.030927835051546393,False,-187.5,0.0,,False
377,2025-09-01,OTHER,TRAVEL,-6250.0,-6062.5,-187.5,0.030927835051546393,False,-187.5,0.0,,False
395,2025-10-01,OTHER,TRAVEL,-6250.0,-6062.5,-187.5,0.030927835051546393,False,-187.5,0.0,,False
413,2025-11-01,OTHER,TRAVEL,-6250.0,-6062.5,-187.5,0.030927835051546393,False,-187.5,0.0,,False
431,2025-12-01,OTHER,TRAVEL,-6250.0,-6062.5,-187.5,0.030927835051546393,False,-187.5,0.0,,False
449,2026-01-01,OTHER,TRAVEL,-6250.0,-6062.5,-187.5,0.030927835051546393,False,-187.5,0.0,,False
467,2026-02-01,OTHER,TRAVEL,-6250.0,-6062.5,-187.5,0.030927835051546393,False,-187.5,0.0,,False
485,2026-03-01,OTHER,TRAVEL,-6250.0,-6062.5,-187.5,0.030927835051546393,False,-187.5,0.0,,False
503,2026-04-01,OTHER,TRAVEL,-6250.0,-6062.5,-187.5,0.030927835051546393,False,-187.5,0.0,,False
521,2026-05-01,OTHER,TRAVEL,-6250.0,-6062.5,-187.5,0.030927835051546393,False,-187.5,0.0,,False
539,2026-06-01,OTHER,TRAVEL,-6250.0,-6062.5,-187.5,0.030927835051546393,False,-187.5,0.0,,False
557,2026-07-01,OTHER,TRAVEL,-6250.0,-6062.5,-187.5,0.030927835051546393,False,-187.5,0.0,,False
575,2026-08-01,OTHER,TRAVEL,-6250.0,-6062.5,-187.5,0.030927835051546393,False,-187.5,0.0,,False
593,2026-09-01,OTHER,TRAVEL,-6250.0,-6062.5,-187.5,0.030927835051546393,False,-187.5,0.0,,False
611,2026-10-01,OTHER,TRAVEL,-6250.0,-6062.5,-187.5,0.030927835051546393,False,-187.5,0.0,,False
629,2026-11-01,OTHER,TRAVEL,-6250.0,-6062.5,-187.5,0.030927835051546393,False,-187.5,0.0,,False
647,2026-12-01,OTHER,TRAVEL,-6250.0,-6062.5,-187.5,0.030927835051546393,False,-187.5,0.0,,False
