date,product_id,region_id,volume,price,discount,revenue
2024-01-01,P01,NA,1589.8198649869428,99.05459361490152,0.0859845659557213,143938.2005687734
2024-01-01,P01,EU,1579.3002336288878,97.66595579997531,0.0558912488426474,145622.9844700206
2024-01-01,P01,APAC,612.5882400202748,102.10077034364349,0.025453591536153022,60953.71771498952
2024-01-01,P01,OTHER,910.5491484875571,98.51462511075802,0.031078842912230904,86914.56096083681
2024-01-01,P02,NA,1438.8634237769,120.69802863406412,0.060437042910468856,163171.9996412433
2024-01-01,P02,EU,1241.241734165689,116.92950752213441,0.06358551269912632,135909.12424026334
2024-01-01,P02,APAC,599.2858477868978,122.50533373774373,0.06713742118299018,68486.77115658077
2024-01-01,P02,OTHER,589.1730794462309,118.08074540175076,0.041468481171889504,66685.03430616006
2024-01-01,P03,NA,1151.6836690749367,203.175754734072,0.05555554605802453,220994.52319717233
2024-01-01,P03,EU,1639.7271753424445,201.56756923725098,0.07676253135788762,305144.5898763918
2024-01-01,P03,APAC,1330.6800287017577,202.07204716637997,0.040209237599362714,258081.24544674996
2024-01-01,P03,OTHER,1133.4547313613339,195.9352945234484,0.05169285479640629,210603.64168398426
2024-01-01,P04,NA,1061.541182586806,307.9948517309073,0.0631409713489069,306305.3278589938
2024-01-01,P04,EU,639.9247424759783,287.43987791471733,0.05027384181853338,174692.52492536916
2024-01-01,P04,APAC,880.1817329196299,313.2594743518491,0.06260549042945772,258463.35142489453
2024-01-01,P04,OTHER,620.8883845388295,291.1129217518723,0.04069766475535256,173392.58448678404
2024-02-01,P01,NA,1432.3704343241118,97.94653330193903,0.0767697840747269,129525.246434513
2024-02-01,P01,EU,1001.802794406857,100.96237741526465,0.05686724204683819,95392.5892130037
2024-02-01,P01,APAC,832.0394878821763,101.1151805037052,0.050900330393184395,79849.48541596187
2024-02-01,P01,OTHER,1023.2746721817967,100.4314697943053,0.0915818251282087,93357.20863685309
2024-02-01,P02,NA,1712.0769975051783,120.85747841880763,0.0861200348341365,189097.58293763056
2024-02-01,P02,EU,1525.2052942977123,123.31886613017969,0.06857512876923227,175188.52555037724
2024-02-01,P02,APAC,1546.4767330009606,116.32659290483849,0.032636816015086695,174025.12464813367
2024-02-01,P02,OTHER,756.9115711897791,119.4614423601522,0.052336253577280244,85689.41249944203
2024-02-01,P03,NA,1241.999008929884,195.52636490522087,0.07286653589378089,225148.38307495796
2024-02-01,P03,EU,1833.3457456851347,199.18278550737745,0.06675149097597867,340795.209558327
2024-02-01,P03,APAC,835.008771036045,203.2196939663843,0.018996557979379547,166466.6966751772
2024-02-01,P03,OTHER,1143.6148780580218,193.90593469788186,0.042436952661424984,212343.16009136665
2024-02-01,P04,NA,1695.497374213669,290.0520546169533,0.060612629851888346,461974.2665307333
2024-02-01,P04,EU,707.4609344378973,296.3687292499982,0.05344653811276078,198463.19999961462
2024-02-01,P04,APAC,1218.6824646871212,310.0304858058206,0.05690988641500199,356326.5272256593
2024-02-01,P04,OTHER,1746.5626099737106,301.81872593453414,0.06353146716907422,493654.98727841984
2024-03-01,P01,NA,685.5474674106484,100.57057082534726,0.11034948075067841,61337.75584663844
2024-03-01,P01,EU,1293.3924361791728,99.28154159612706,0.030731159963259935,124463.80685686771
2024-03-01,P01,APAC,1656.2957395560643,103.01463405222057,0.04541832324512783,162873.30257410786
2024-03-01,P01,OTHER,1430.6841858074838,99.59333519863773,0.038751711762808734,136965.0096521157
2024-03-01,P02,NA,1971.8023281954556,118.41168171790177,0.042462784436648235,223570.03068936485
2024-03-01,P02,EU,1288.9092502028848,115.59886426382702,0.10258494224056597,133711.65371076445
2024-03-01,P02,APAC,806.7852810298996,125.51074058496394,0.11810134338480813,89301.25032427766
2024-03-01,P02,OTHER,613.3051519902573,121.02466665282152,0.09457395288811185,67205.29504520516
2024-03-01,P03,NA,951.8101944828971,203.88668788030873,0.06869532148933237,180730.31585568056
2024-03-01,P03,EU,922.9502038904022,193.1255209581501,0.055236525120506696,168399.59132618157
2024-03-01,P03,APAC,620.1646502973421,197.2233639059049,0.06943077045090278,113818.81442342966
2024-03-01,P03,OTHER,1494.6898995552226,201.75878204199603,0.061063106951557346,283152.20706888504
2024-03-01,P04,NA,1675.1512072712924,302.3737069625498,0.05805426803173021,477115.9348754008
2024-03-01,P04,EU,964.5028277580798,302.89384914417377,0.04473885580610465,279071.8763599369
2024-03-01,P04,APAC,1070.505017538982,291.65691396012437,0.0838228590617773,286049.00082888367
2024-03-01,P04,OTHER,624.3545934592482,286.9156050976936,0.07854876963116361,165066.07906449755
2024-04-01,P01,NA,1686.9104649340936,98.82118798137512,0.06527434408713038,155821.1000682737
2024-04-01,P01,EU,1416.7670530026162,99.7412793298351,0.05496045243586229,133543.68814055677
2024-04-01,P01,APAC,1373.38753699895,93.58335389767176,0.055262994709806314,121423.46854457042
2024-04-01,P01,OTHER,1463.4842500171071,99.07021354669678,0.024865564350428346,141382.49625738576
2024-04-01,P02,NA,1241.9412187622804,115.39841578525159,0.07727656027396376,132242.9232805816
2024-04-01,P02,EU,996.1250336971058,116.84130446788815,0.05331087655288246,110183.77281701744
2024-04-01,P02,APAC,1937.6472364113076,125.19693481622983,0.08354823777955386,222319.73705979472
2024-04-01,P02,OTHER,1426.9141369267788,121.3169794762149,0.07655976353594118,159855.73561373347
2024-04-01,P03,NA,1293.0845049682966,196.5128808834986,0.07979167869189706,233832.07645459456
2024-04-01,P03,EU,862.8637135855585,199.0467447124742,0.08342494186934639,157421.96175747647
2024-04-01,P03,APAC,747.088318117018,203.65387345569323,0.02855919488693518,147802.22169888168
2024-04-01,P03,OTHER,681.3814314780395,197.40860078816863,0.09022456866553444,122374.39818608381
2024-04-01,P04,NA,1570.079633789083,292.397119751697,0.060655641857525214,431240.56044082105
2024-04-01,P04,EU,1313.3605755993458,302.3400710366343,0.08310624072213392,364081.57652791333
2024-04-01,P04,APAC,1158.965138036054,302.28275046772694,0.061440671464651556,328810.3415625045
2024-04-01,P04,OTHER,1823.321547062333,284.5257129239644,0.048177931496177884,493788.02600720874
2024-05-01,P01,NA,634.5493562934288,103.68987262013378,0.06736713225401317,61363.8310569447
2024-05-01,P01,EU,1078.2857550766955,102.03440922491554,0.08136943111978076,101069.80210228988
2024-05-01,P01,APAC,1808.512646393156,100.67585809820432,0.04273309470521236,174292.995765018
2024-05-01,P01,OTHER,962.8408678866457,100.95848466088373,0.0799964849382059,89430.74028054703
2024-05-01,P02,NA,1134.7810150831199,124.44436664297693,0.04512823542374871,134844.22595370928
2024-05-01,P02,EU,1858.2232814118258,122.53315557145595,0.060228521111213185,213980.29180476192
2024-05-01,P02,APAC,2004.113980682532,122.52546020067018,0.07108233002648187,228100.36709685932
2024-05-01,P02,OTHER,1695.8044988951099,113.98943312380045,0.09208508723034281,175503.39682979722
2024-05-01,P03,NA,1497.9945872095052,206.54775342430264,0.02795480917882149,300757.9913394882
2024-05-01,P03,EU,854.3971340862453,196.0293185498729,0.06879273212033987,155965.00734838413
2024-05-01,P03,APAC,1841.3619873175219,192.93617058053815,0.013797931267347116,350363.4038739003
2024-05-01,P03,OTHER,1707.0590232521097,202.29692885858304,0.0740390725244254,319764.67772402463
2024-05-01,P04,NA,1847.0199433767393,301.0368107404401,0.07520266170751708,514206.73447963
2024-05-01,P04,EU,1838.238293011868,294.71495052847587,0.056407771723370824,511197.0414566175
2024-05-01,P04,APAC,1693.8799001060809,297.04694120831573,0.07042334511464225,467727.50297555455
2024-05-01,P04,OTHER,580.7845012140965,306.2213928151806,0.020138792578916882,174266.98203825753
2024-06-01,P01,NA,1460.9931549792288,94.16595970037925,0.04643471119689646,131187.52896631943
2024-06-01,P01,EU,1575.504636419929,100.49447520485464,0.08178434993421585,145380.63543660592
2024-06-01,P01,APAC,1646.0923657576288,103.38396472392348,0.061842533168682184,159655.22029452302
2024-06-01,P01,OTHER,1611.1443237117508,96.29865871858746,0.04223732292532695,148597.8729076785
2024-06-01,P02,NA,928.7875854978452,125.16230949349796,0.0323563696924592,112487.79716306826
2024-06-01,P02,EU,556.6191420016671,121.42409126538959,0.057378266986245464,63708.95008828558
2024-06-01,P02,APAC,1561.7464018940966,118.1849978615738,0.049321995232528906,175471.38813644563
2024-06-01,P02,OTHER,1772.5677157404948,121.28367132208476,0.05621511318127189,202898.1973100581
2024-06-01,P03,NA,1322.0000759502198,206.60330827764085,0.05314427698271241,258614.3146921494
2024-06-01,P03,EU,1384.8173472402489,198.34255913951372,0.08229184889154753,252065.261217289
2024-06-01,P03,APAC,715.0189477944275,201.7438794702315,0.099020251202526,129966.95622684866
2024-06-01,P03,OTHER,684.0177666400898,200.80095296658538,0.08152480314932771,126153.87195956646
2024-06-01,P04,NA,1120.4783156576711,299.8060286403461,0.06627816422915107,313661.5851916061
2024-06-01,P04,EU,970.3694278077602,284.4526242300653,0.037652317740207844,265631.18195781705
2024-06-01,P04,APAC,558.7476821046394,314.52923371822135,0.08211986739814596,161310.5311162232
2024-06-01,P04,OTHER,1320.958440536565,296.9469132273726,0.05431272323919809,370950.11961469654
2024-07-01,P01,NA,1398.247587926511,99.15185379028996,0.08127703065468717,127370.68711953581
2024-07-01,P01,EU,1061.247138978515,106.49418431648958,0.0644615948525055,105731.41502144698
2024-07-01,P01,APAC,1465.7220283700292,101.45194273832449,0.05886433611214617,139947.20006947863
2024-07-01,P01,OTHER,1121.3406443762008,101.07575339739387,0.04296925621628464,108470.19988750985
2024-07-01,P02,NA,1184.3657919011712,121.9967557089403,0.0817057400889182,132683.22113824266
2024-07-01,P02,EU,562.4101427966787,121.36189673792609,0.05382653888907175,64581.22256020297
2024-07-01,P02,APAC,808.2796324906204,118.99317789564407,0.020183760097520043,94238.4928539519
2024-07-01,P02,OTHER,1745.5489503366002,122.68555494591507,0.04561039533430419,204386.00939903475
2024-07-01,P03,NA,538.9661835382568,197.28252246033682,0.10840830024494805,94801.70452587254
2024-07-01,P03,EU,1453.2494072477048,202.32540104750151,0.02878083294011114,285566.8618687155
2024-07-01,P03,APAC,1010.1878858208883,199.56949674089475,0.0758161224338016,186317.95391161548
2024-07-01,P03,OTHER,1230.0371280255006,196.55813858884622,0.07795630816821096,222926.01477459577
2024-07-01,P04,NA,1681.9190791200058,293.3422825821408,0.08671568672640466,450594.37128112285
2024-07-01,P04,EU,741.6937732187223,296.68098216080864,0.08910091152541422,200440.09897746006
2024-07-01,P04,APAC,1504.8898350286402,311.73538516252427,0.052764590451116575,444374.0965677903
2024-07-01,P04,OTHER,715.4174584626833,303.3925046298236,0.028684818556389713,210826.18889165256
2024-08-01,P01,NA,817.1908234017577,102.8695316518339,0.012114793901990564,83045.61878737743
2024-08-01,P01,EU,525.7833402543342,97.93442633409012,0.06495331802217887,48147.694728511575
2024-08-01,P01,APAC,1270.5244925432614,99.60203782154984,0.06406776481239887,118439.25610959438
2024-08-01,P01,OTHER,977.2887130061788,101.6566649259637,0.06770075875312202,92621.98226291612
2024-08-01,P02,NA,1101.498402326893,126.1052199081932,0.058258116578949797,130812.37214971351
2024-08-01,P02,EU,1542.098898146361,116.90321198826649,0.03511056424797849,173946.71127785594
2024-08-01,P02,APAC,1068.5368835688257,117.33360806030724,0.05858639236695857,118030.00208493059
2024-08-01,P02,OTHER,1629.8232671584892,117.70339416771087,0.07800369128039926,176871.8353444215
2024-08-01,P03,NA,712.2321732826169,196.73541927667642,0.070968558416596,130177.08890693517
2024-08-01,P03,EU,788.7499031806755,199.66009872007797,0.06524071624148761,147207.65265765594
2024-08-01,P03,APAC,1372.8472083354184,192.72588757371105,0.08672372200024342,241637.55713042698
2024-08-01,P03,OTHER,1059.6259122065376,201.81727168919537,0.011801560684002496,211327.03729392937
2024-08-01,P04,NA,1652.437894142664,291.9590023392986,0.07428792965261317,446604.34422784
2024-08-01,P04,EU,1295.6363219128377,293.71902446936105,0.0647089673661986,355927.8425167797
2024-08-01,P04,APAC,1566.3563612047571,301.86777091730204,0.09642597701626218,427239.1671310778
2024-08-01,P04,OTHER,1379.964265487379,287.6118063886555,0.034378615863083356,383249.34826346807
2024-09-01,P01,NA,1361.9788879835262,102.0315032193841,0.06483319439641676,129955.22442946275
2024-09-01,P01,EU,1699.55486971633,98.55615278161088,0.08548894433882478,153182.0553475699
2024-09-01,P01,APAC,1093.9842924573047,101.35282902701132,0.07525852964673874,102533.85737594053
2024-09-01,P01,OTHER,458.5026085763051,101.34508609982062,0.03931383896651201,44640.190724803964
2024-09-01,P02,NA,1172.8830818760712,121.3389664426292,0.04386802191385254,136073.28104158046
2024-09-01,P02,EU,1418.2704396258152,120.72493356503024,0.04772046397214205,163049.8779079189
2024-09-01,P02,APAC,1185.6158879327122,120.09632302191281,0.06537826895357202,133079.02059350605
2024-09-01,P02,OTHER,1321.151449193712,118.39964295850584,0.051767233555675814,148326.2293906298
2024-09-01,P03,NA,1198.1757264095424,187.93609834535255,0.09221873990023788,204414.6118535987
2024-09-01,P03,EU,1461.4272334346615,190.3158097968991,0.05379032047608112,263171.859924952
2024-09-01,P03,APAC,788.7868059355835,194.43305979039076,0.07159122284952954,142386.5560932971
2024-09-01,P03,OTHER,800.2467618106353,203.49598365847444,0.10105369963891782,146390.70994057923
2024-09-01,P04,NA,807.2612352195163,298.9349758919436,0.07230513533937122,223870.04256248366
2024-09-01,P04,EU,1544.851708733684,287.0199629586959,0.06328781405954605,415341.25586562714
2024-09-01,P04,APAC,1747.18608904176,298.69370449646283,0.0933577522223904,473152.5498409755
2024-09-01,P04,OTHER,565.8868510303507,302.3955019784342,0.04261905504270435,163828.59585518978
2024-10-01,P01,NA,1307.587248419862,99.1905207392835,0.02616074701660473,126307.20439079864
2024-10-01,P01,EU,1285.7454774317016,99.1441476533403,0.05836824460629758,120033.69770617691
2024-10-01,P01,APAC,669.3269059566323,101.20516708881382,0.04954562607660639,64383.15327696005
2024-10-01,P01,OTHER,1411.2816127409635,100.68092438818559,0.04572250351927032,135592.46626060287
2024-10-01,P02,NA,786.2261944858718,121.0480518676813,0.10765204565368147,84925.78027450887
2024-10-01,P02,EU,1157.8634430739387,119.4992162096743,0.07633551734401582,127801.70366092217
2024-10-01,P02,APAC,1106.9305861662795,118.43603124408814,0.05129185054112075,124376.08000653281
2024-10-01,P02,OTHER,713.8091688538328,124.4951233208902,0.05082319013701399,84349.31906127288
2024-10-01,P03,NA,1632.7982863809527,198.7711924999355,0.0790410730627978,298900.2243620938
2024-10-01,P03,EU,1528.1352657279533,196.08791833019276,0.013592879752277097,295575.7722183898
2024-10-01,P03,APAC,508.8126015366477,198.99447672740584,0.08225931783320527,92922.06764537486
2024-10-01,P03,OTHER,488.72867081024316,199.71522729393237,0.08098347242882699,89702.03961160619
2024-10-01,P04,NA,1224.2813359586567,304.1891171945567,0.055569277685383986,351718.3341058584
2024-10-01,P04,EU,957.4804864751185,305.26247736067177,0.03929843771918718,280796.6053465005
2024-10-01,P04,APAC,455.64105555336823,290.880818069219,0.02873044104262623,128729.38953974523
2024-10-01,P04,OTHER,955.3181427478469,292.332897887645,0.058076421261533354,263051.8654157239
2024-11-01,P01,NA,738.473683477535,96.25840327524169,0.04154227116209465,68131.2944647243
2024-11-01,P01,EU,754.102551253313,101.91829310115305,0.03719678161747539,73998.01757338179
2024-11-01,P01,APAC,1050.3425304350376,100.14568582733862,0.07097477637728253,97721.6298805828
2024-11-01,P01,OTHER,643.1351339415102,100.39529771226276,0.0755553477816985,59689.30494520004
2024-11-01,P02,NA,454.3018073783512,113.25819433397743,0.08003490795303014,47335.33406247398
2024-11-01,P02,EU,1083.3955520003153,114.42049378036312,0.06198069642014402,116279.362393118
2024-11-01,P02,APAC,1659.433921744382,121.54889271630437,0.052565666068286096,191099.7370477347
2024-11-01,P02,OTHER,1501.477660947212,119.10220588834423,0.03969864188542367,171730.02111158328
2024-11-01,P03,NA,1323.50845805928,205.68024341777712,0.04158299204381745,260899.83877748353
2024-11-01,P03,EU,883.2446978790815,202.21272812102023,0.08499330534087554,163423.23344859376
2024-11-01,P03,APAC,1009.2076428862331,203.18453141686103,0.06681582816004211,191354.43685367005
2024-11-01,P03,OTHER,889.0132140714774,197.21904020575437,0.03440318084719959,169298.4116617678
2024-11-01,P04,NA,1459.2567020582342,310.19415450221703,0.0651042683371175,423183.2631033061
2024-11-01,P04,EU,1184.7105255452518,301.52097957673334,0.03813057259076034,343594.2627083183
2024-11-01,P04,APAC,677.0538373143501,290.2301091237415,0.05897605776366806,184912.5306334705
2024-11-01,P04,OTHER,537.7737072436604,306.7065999638506,0.06022890878182932,155004.66465347598
2024-12-01,P01,NA,1604.0770909685086,99.49271503801113,0.038351456052234265,153473.32321222682
2024-12-01,P01,EU,784.1876075910844,96.87421115269214,0.0702244362909507,70632.77709295144
2024-12-01,P01,APAC,1167.9569203520214,99.69328840626218,0.07991402771799846,107132.47921287602
2024-12-01,P01,OTHER,815.9479512714347,100.09728301725364,0.04309909344061698,78154.0901917045
2024-12-01,P02,NA,1195.0271659776167,121.13784010309547,0.0857466222321013,132350.07064074642
2024-12-01,P02,EU,1178.1167723753713,116.26738236341738,0.05361786805978204,129632.16248348118
2024-12-01,P02,APAC,1108.5929839334494,118.26631767576703,0.06505769629939798,122579.5468440502
2024-12-01,P02,OTHER,951.8613037464228,120.93435850291031,0.0519601483974159,109131.4612994105
2024-12-01,P03,NA,1353.6940352302904,194.30285499454212,0.05037517752269176,249776.6033684806
2024-12-01,P03,EU,678.1970685703418,189.41672775514735,0.022763096935149767,125537.67951378904
2024-12-01,P03,APAC,1579.124345422406,199.4119457228744,0.08428379657857003,288355.60608458443
2024-12-01,P03,OTHER,1425.5369691641927,207.80719100901788,0.03744438470216572,285144.42729467305
2024-12-01,P04,NA,1535.5124872947533,293.29240465441853,0.0534747598995392,426271.569746556
2024-12-01,P04,EU,816.1263584403217,297.4804558121989,0.0981012042812894,218964.46973897886
2024-12-01,P04,APAC,1050.7081383519608,299.3002601275988,0.06262115652092289,294784.29196571506
2024-12-01,P04,OTHER,1045.792256099205,306.38464181133594,0.04585470940097072,305722.1634891355
2025-01-01,P01,NA,1254.468354955315,98.77562454274698,0.07817202719784222,114224.52935780889
2025-01-01,P01,EU,1006.921334311254,100.03496305466324,0.06673166253210869,94005.63571778862
2025-01-01,P01,APAC,1228.3957076658887,101.66643167152382,0.040359611603393984,119846.23327440128
2025-01-01,P01,OTHER,626.398811655989,100.20995250828612,0.04612987670855438,59875.758447402324
2025-01-01,P02,NA,701.2927418950812,118.77916875368233,0.048302517301339984,79275.41904710789
2025-01-01,P02,EU,851.280903767614,116.97632115112937,0.07448565354912456,92162.44872936234
2025-01-01,P02,APAC,1195.2231353270145,114.1242256788089,0.05975361414141377,128253.28793830868
2025-01-01,P02,OTHER,877.7256577228468,119.91605263040935,0.06451119679020362,98463.37361361575
2025-01-01,P03,NA,1661.2772412369281,194.14014203549604,0.03813352284225235,310221.7529231194
2025-01-01,P03,EU,729.8605827706642,197.84330280880243,0.009966003116806905,142958.9570853534
2025-01-01,P03,APAC,1519.5877092403948,197.21135556252392,0.05183222745490547,284146.87259787216
2025-01-01,P03,OTHER,813.7215125329963,205.24669805271705,0.046479653886372624,159250.9167690767
2025-01-01,P04,NA,1497.4932909690222,288.4826844755541,0.06779383410640004,402713.8882610019
2025-01-01,P04,EU,1474.8556255845963,311.9120708036195,0.047555851094105636,438148.3789628424
2025-01-01,P04,APAC,647.9674336089406,290.4223766627233,0.061398391619896506,176630.03227752316
2025-01-01,P04,OTHER,1528.2344966699986,302.9777497501162,0.0711116417730025,430094.8619294399
2025-02-01,P01,NA,902.042000167832,102.89376939505284,0.08872603513126581,84579.4388247119
2025-02-01,P01,EU,1338.9614723154416,95.29800393006485,0.05364186902743075,120755.63408524201
2025-02-01,P01,APAC,1803.7170390872705,98.57137695200817,0.05667684316100535,167718.0200895588
2025-02-01,P01,OTHER,1171.252116299695,101.03448079297554,0.05535461340151529,111786.3588956654
2025-02-01,P02,NA,698.3845604916467,121.34497219791949,0.08330615071094354,77685.6374236601
2025-02-01,P02,EU,1842.335089404596,121.76864065810679,0.03698270981628866,216041.98866929876
2025-02-01,P02,APAC,910.9545990484058,122.59790591525147,0.064232194655901,104507.60238798619
2025-02-01,P02,OTHER,982.8250742603675,123.60091877477797,0.06578718313914222,113486.38133413291
2025-02-01,P03,NA,1264.0786510019013,185.34702812073613,0.06765771472770099,218441.47734647634
2025-02-01,P03,EU,1365.2077474254875,202.25884300470494,0.0695505867453359,256920.6600809647
2025-02-01,P03,APAC,939.6172624541017,206.85270494307068,0.05031939736854647,184582.1749020694
2025-02-01,P03,OTHER,1361.7453440855097,202.04018088440634,0.09233748796997215,249722.71413314246
2025-02-01,P04,NA,1662.5689569686292,299.17704411229283,0.05928778527619818,467912.57556807616
2025-02-01,P04,EU,1834.436775798799,294.4335592950192,0.07848715514374868,497727.2866484472
2025-02-01,P04,APAC,682.665409952163,299.2036355203307,0.06446244036812332,191089.13405444258
2025-02-01,P04,OTHER,1660.3943400516237,292.18809275534045,0.0820935843080506,445319.9619063275
2025-03-01,P01,NA,1328.5805509609893,101.10953177345776,0.06926739612065373,125027.31867047389
2025-03-01,P01,EU,1024.9566727453882,101.83895773107095,0.06748772903412525,97336.11507083366
2025-03-01,P01,APAC,540.8350210506167,100.82760038749048,0.05394760481059106,51589.2752868126
2025-03-01,P01,OTHER,1527.925982386239,103.69818627668556,0.09588740109200718,143250.4509632046
2025-03-01,P02,NA,1550.940969862002,121.05816048907901,0.07533645743568487,173609.33502589475
2025-03-01,P02,EU,1251.8386835851543,122.47125939562854,0.058814347079481355,144297.18203079997
2025-03-01,P02,APAC,985.4169280848554,121.90173113320122,0.06005986582399911,112909.3963322114
2025-03-01,P02,OTHER,688.7643411888275,118.87547561130718,0.07512496327259612,75726.16785326695
2025-03-01,P03,NA,520.4710754715126,207.2115239559312,0.04998510512486168,102456.8308638692
2025-03-01,P03,EU,1622.4379794173417,194.89477419660838,0.06104346637315067,296902.45367333374
2025-03-01,P03,APAC,898.5864158456267,203.09850982741239,0.06679750722385408,170310.91260271458
2025-03-01,P03,OTHER,1844.318939871002,203.08067334001117,0.017840933164451137,367863.29035637947
2025-03-01,P04,NA,1616.051226882565,300.27044945098345,0.05990734055551309,456182.2457583665
2025-03-01,P04,EU,1049.9883301107766,301.52081286189275,0.049992778452062,300765.9543449216
2025-03-01,P04,APAC,548.9713975083207,299.9895551141749,0.07972272633921536,151556.49348705818
2025-03-01,P04,OTHER,1207.4276945061556,305.0805102651923,0.04090416365738357,353295.09073500143
2025-04-01,P01,NA,1359.2246705367004,100.25481471843165,0.044753530839446956,130170.30677869628
2025-04-01,P01,EU,854.3828508496792,101.3564861582299,0.04088749665197204,83056.49908837411
2025-04-01,P01,APAC,1770.8405920121984,99.48982853890288,0.06219295509148017,165223.43305416894
2025-04-01,P01,OTHER,1114.385552186927,103.68003641622533,0.0629968482797456,108260.90809890274
2025-04-01,P02,NA,952.9243576760616,121.3341804545857,0.056926297912759646,109040.3467078735
2025-04-01,P02,EU,824.069292222829,123.39670371653773,0.04711265759573954,96896.66902061993
2025-04-01,P02,APAC,515.1303863396722,121.36507116104256,0.08890251913853067,56960.75398173621
2025-04-01,P02,OTHER,725.5406400890251,116.65614911079622,0.055414146928953835,79948.59146627382
2025-04-01,P03,NA,1835.6766001716635,201.13393023054567,0.08638026395482792,337323.8003321669
2025-04-01,P03,EU,1360.3889980479528,207.17650078322717,0.06487504960803296,263556.2073162835
2025-04-01,P03,APAC,752.7934465328339,200.3095824183998,0.06220791451224437,141411.30119385297
2025-04-01,P03,OTHER,1348.0502466227056,192.2818739873896,0.07306489766562455,240266.79499119162
2025-04-01,P04,NA,1094.0086320432363,300.0637922004237,0.07589864505831255,303356.9500675576
2025-04-01,P04,EU,1399.0445664269412,309.1971971673671,0.09158371005963264,392963.31703210576
2025-04-01,P04,APAC,1653.1374262138534,309.3146999761036,0.08260198632809027,469102.0315212716
2025-04-01,P04,OTHER,1177.1840236954229,303.89745430009873,0.03805324650905913,344129.9368000894
2025-05-01,P01,NA,1496.7291982432037,98.01350136218736,0.08607130135616176,134073.0378647336
2025-05-01,P01,EU,1069.2137291689314,99.32081404078177,0.03695502317446465,102270.73270193863
2025-05-01,P01,APAC,1786.8861852515397,100.19747179085003,0.08267360957513403,164239.47287868292
2025-05-01,P01,OTHER,763.8521226465442,97.52843212641349,0.06900634556087626,69356.51347802636
2025-05-01,P02,NA,511.2768062783569,119.29251191347545,0.05631648506969557,57556.66791442913
2025-05-01,P02,EU,1594.5070021915285,119.70466199307636,0.05512207779645324,180348.7750676136
2025-05-01,P02,APAC,1638.3279993019137,119.21077972663093,0.04628294647646714,186267.0045195968
2025-05-01,P02,OTHER,657.0111990368803,123.86533274795477,0.06123409268100736,76397.62455418878
2025-05-01,P03,NA,1572.008158544487,200.0189812581073,0.09437590006099719,284756.71737485705
2025-05-01,P03,EU,920.4292431095031,197.28414584471943,0.06029055763875137,170638.1699875331
2025-05-01,P03,APAC,719.802122439584,198.07877043559714,0.08038087386483525,131117.01376934367
2025-05-01,P03,OTHER,1697.35541340573,204.8132878624342,0.06545290526864257,324886.8331882003
2025-05-01,P04,NA,1503.5263021752928,300.8295984193401,0.060026796935089735,425154.78048107796
2025-05-01,P04,EU,1612.7397941060533,289.3673687238032,0.03625859147251259,449753.318926165
2025-05-01,P04,APAC,1424.5280404251005,288.69505764170214,0.040296839353783476,394681.960120659
2025-05-01,P04,OTHER,1492.1850085462388,313.5130646081036,0.05176501164630701,443602.8133849909
2025-06-01,P01,NA,546.4028383860052,95.22967396693683,0.057662396271829515,49033.372625939046
2025-06-01,P01,EU,1080.4940521597982,95.99948537739131,0.04476051083379484,99084.00513976098
2025-06-01,P01,APAC,1063.8934188991855,101.04367989685502,0.03359022031685925,103888.76725294538
2025-06-01,P01,OTHER,1221.072815231094,101.58214478651826,0.05978722646763614,116623.23603876586
2025-06-01,P02,NA,791.6884236775103,121.0960912261913,0.07225930760949198,88942.84676147945
2025-06-01,P02,EU,1882.0507113240667,123.02253231295968,0.05486691767200494,218831.0521733213
2025-06-01,P02,APAC,670.0920019688457,125.88145380234909,0.03544000238355005,81362.71480111527
2025-06-01,P02,OTHER,1566.9035038747186,116.8251568474871,0.033549177334166416,176912.44496495585
2025-06-01,P03,NA,1119.05797967591,199.48801646694452,0.04698872759188816,212748.9562504765
2025-06-01,P03,EU,912.4380200774887,195.60245185670527,0.10563265754552123,159622.31330802577
2025-06-01,P03,APAC,924.7347977907259,197.55461265940536,0.05628086645627902,172403.9195379201
2025-06-01,P03,OTHER,1494.198563948,193.10995361576067,0.0237876264003921,281680.82386630785
2025-06-01,P04,NA,1260.284340283845,309.9371675953622,0.05911127664591291,367519.56456881715
2025-06-01,P04,EU,1668.535763723082,305.8691911928637,0.041982060093908494,488927.98547341354
2025-06-01,P04,APAC,1108.9662113557274,295.6751453082473,0.07119080741232332,304550.72518380766
2025-06-01,P04,OTHER,1556.8843851655124,291.5792367579676,0.03631743336203455,437468.67444717843
2025-07-01,P01,NA,985.2488194692048,100.21626385480364,0.0665401973757863,92167.91259682359
2025-07-01,P01,EU,1262.188650201444,101.42634259034622,0.07236381429330602,118755.22239371485
2025-07-01,P01,APAC,682.8654476070952,97.49677141810864,0.09367172419076045,60340.77754441165
2025-07-01,P01,OTHER,1095.9229616424257,100.16996656512774,0.051757012430860644,104096.7557985417
2025-07-01,P02,NA,1694.9840837178601,115.32185029408318,0.07934598471685544,179959.04421076472
2025-07-01,P02,EU,1179.1049135828941,120.90591222755782,0.04549216955984049,136075.3571411107
2025-07-01,P02,APAC,959.5396662224842,119.88438521446976,0.09479296083862024,104129.42629769078
2025-07-01,P02,OTHER,758.8058010313355,120.29224023887335,0.07591556019488466,84348.99506868135
2025-07-01,P03,NA,1227.8123081547128,199.42250560350533,0.043278857703084254,234256.43114756414
2025-07-01,P03,EU,1772.3062984658577,202.96777347452783,0.0907393130783529,327080.2211295249
2025-07-01,P03,APAC,1690.2751399747435,201.8652615921709,0.04752798621483574,324990.9120965658
2025-07-01,P03,OTHER,487.7958855019336,208.10035154568024,0.06727396300685926,94681.48195286306
2025-07-01,P04,NA,572.770955088439,283.7203844265344,0.0197179481026942,159302.49500473877
2025-07-01,P04,EU,1109.495489018119,301.8783472519557,0.033472077933629024,323721.7722593506
2025-07-01,P04,APAC,1839.8256602060496,306.18149714846896,0.06339413090285624,527609.3568537378
2025-07-01,P04,OTHER,691.9852453033775,284.0310158309999,0.0651528084184232,183739.79570076126
2025-08-01,P01,NA,1525.5592060570496,98.34645776923297,0.03685070735533155,144504.50917845403
2025-08-01,P01,EU,1225.5724797054177,94.78899461252881,0.07228540876714128,107773.33062737995
2025-08-01,P01,APAC,1064.950768620808,93.79822872503864,0.0400716274799522,95887.72104047664
2025-08-01,P01,OTHER,841.9654361520506,99.1311914695162,0.036399984430654814,80426.91081962633
2025-08-01,P02,NA,1412.22876146164,121.21186206220683,0.07130920838338187,158972.24756423073
2025-08-01,P02,EU,1552.0377846140134,121.12813310886783,0.030298890417451277,182299.38614842636
2025-08-01,P02,APAC,1280.0749717195597,118.31773750773677,0.059555044103015785,142435.63107549242
2025-08-01,P02,OTHER,1269.34338960869,122.90239881877503,0.06585867646994582,145731.0417985743
2025-08-01,P03,NA,741.9266573063856,203.71014451489745,0.02244022468068184,147746.41620271234
2025-08-01,P03,EU,632.4177129208489,201.3504771709864,0.06823943164253507,118648.16225306895
2025-08-01,P03,APAC,1743.7545405430149,203.2894400521659,0.11421491054436653,313999.1963747341
2025-08-01,P03,OTHER,1210.652921143365,202.13898199123568,0.0687798205877779,227888.3410805068
2025-08-01,P04,NA,1076.1209172012975,317.3238331656756,0.06653686940776046,318757.8831170896
2025-08-01,P04,EU,1435.6204426478873,299.18141136329,0.05494237107364337,405912.60020656907
2025-08-01,P04,APAC,1520.2318178572752,302.6447040293788,0.09825909615463504,414882.07035354
2025-08-01,P04,OTHER,659.1628524570086,296.1967103967882,0.05179320053309781,185129.66726515148
2025-09-01,P01,NA,924.5408518310035,102.29077860268643,0.025335817935820334,92175.94451915979
2025-09-01,P01,EU,822.0656269767103,100.94236946423842,0.03746024179598272,79872.75446861013
2025-09-01,P01,APAC,622.7449806324432,102.39897631437518,0.02970490448412921,61874.21284924004
2025-09-01,P01,OTHER,1686.1166175790343,95.98682188216858,0.05951405232458369,152212.9251070708
2025-09-01,P02,NA,1475.8616546028738,120.53178410084656,0.06582462833694759,166178.81114269202
2025-09-01,P02,EU,1761.9051490552392,111.39883513865176,0.053651228903246355,185743.83020460262
2025-09-01,P02,APAC,834.7442747444641,120.28254917469692,0.08497515544821013,91873.2244082797
2025-09-01,P02,OTHER,570.3354132091065,117.25252956811069,0.04656175952640646,63759.53278916462
2025-09-01,P03,NA,1166.8426829587822,202.31106244505312,0.022575637678780257,230735.86085800084
2025-09-01,P03,EU,1705.4501372882346,199.08750078674868,0.0715109301999979,315253.4272799684
2025-09-01,P03,APAC,1764.6042109189573,198.38007612251783,0.055918609699031306,330487.3195750725
2025-09-01,P03,OTHER,523.1000584687253,203.47335305814204,0.06511813700208445,99505.94875526114
2025-09-01,P04,NA,1114.7694781280895,303.84899858307887,0.05162302512149923,321235.75645210856
2025-09-01,P04,EU,1098.743243807826,309.4570299267224,0.0873581490144194,310310.84284935344
2025-09-01,P04,APAC,651.8573426850927,307.4661771220899,0.07942278013645823,184505.84713270218
2025-09-01,P04,OTHER,911.0575174325634,298.42943379720293,0.06781061192639035,253449.59734394288
2025-10-01,P01,NA,852.7753850300879,97.72139094215677,0.07648854124769959,76960.2703404268
2025-10-01,P01,EU,762.2701409779388,101.86374726631246,0.05458143739684383,73409.57029533194
2025-10-01,P01,APAC,649.063855628878,95.91134187885535,0.064738972230919,58222.41696360706
2025-10-01,P01,OTHER,1039.6096274516574,92.61095293913732,0.03505365060611662,92904.2995036042
2025-10-01,P02,NA,990.4854581944344,121.08177503297051,0.03218629140049487,116069.64394626093
2025-10-01,P02,EU,726.3181483752843,120.8701211894506,0.1065155958376337,78439.14113646877
2025-10-01,P02,APAC,1002.1511507443873,118.22033944538893,0.05348909976960936,112137.54688447302
2025-10-01,P02,OTHER,1434.2547760168143,118.81426756498959,0.08934362501418085,155184.8897656195
2025-10-01,P03,NA,1391.7123782122765,200.45371281876086,0.09570636788449455,252274.33340354357
2025-10-01,P03,EU,1324.7452603279066,196.37694474241138,0.04292481554825176,248982.56062544722
2025-10-01,P03,APAC,1025.836560699049,200.2012825100023,0.034272133298326055,198335.1970160314
2025-10-01,P03,OTHER,923.3441071299413,191.1618894353031,0.06218970718894175,165531.21058737356
2025-10-01,P04,NA,696.9446060213864,283.0468893199661,0.05618479079330902,186184.54129724752
2025-10-01,P04,EU,884.8624435553966,289.0714656531033,0.05218644794801608,242439.7910821605
2025-10-01,P04,APAC,715.2118679697205,304.22484805137316,0.06229168874047756,204031.47094314394
2025-10-01,P04,OTHER,1433.5144924953838,293.9288526083042,0.077561171578164,388670.7718312157
2025-11-01,P01,NA,1064.7699149155685,100.44685240821582,0.04767413823615784,101853.90456425965
2025-11-01,P01,EU,596.2203116471499,97.32074668284564,0.05292770516772711,54953.496682532095
2025-11-01,P01,APAC,1067.7734210070166,97.12478626461909,0.07423954045982102,96008.08557655051
2025-11-01,P01,OTHER,973.4609456925953,98.43849147946206,0.08650293457749678,87536.7944630422
2025-11-01,P02,NA,670.1147785902253,121.49615832320917,0.017856153053406237,79962.58804850731
2025-11-01,P02,EU,1539.7540919815901,120.39703951920802,0.06135826338338671,174007.12684901623
2025-11-01,P02,APAC,1049.8417042063934,114.00759992133041,0.02635347036417946,116535.68789184508
2025-11-01,P02,OTHER,1329.1601967203264,123.93607578665974,0.05369651220229552,155885.42415189443
2025-11-01,P03,NA,1399.3491641089856,186.25161990184714,0.055317489254341747,246213.5933920108
2025-11-01,P03,EU,1524.864635587576,205.3943951951487,0.08397039673033387,286899.2347202612
2025-11-01,P03,APAC,422.42932958476734,203.08640790246127,0.0711072045701715,79689.39258011199
2025-11-01,P03,OTHER,1220.6908192955505,194.17585951769482,0.10017510772370278,213284.31458367495
2025-11-01,P04,NA,770.9759565812759,287.34489229189984,0.041394706254598984,212365.58542606476
2025-11-01,P04,EU,1497.7064250467054,306.29941953849595,0.06473910777438492,429047.7624935935
2025-11-01,P04,APAC,854.348022766401,298.22505881511074,0.02438523784873059,248574.9236170745
2025-11-01,P04,OTHER,1176.972186646146,302.96631829771883,0.028658834995291232,346363.6787703513
2025-12-01,P01,NA,533.0381567914887,99.08632601471443,0.032481728227968965,51101.21187959836
2025-12-01,P01,EU,1272.1429859681323,101.9288331494048,0.07618242621980487,119789.62349463261
2025-12-01,P01,APAC,791.2986076604142,100.3498107800978,0.0436684978508885,75939.09574539257
2025-12-01,P01,OTHER,1412.0429998160114,98.41296709007136,0.03673052400415458,133859.14492841932
2025-12-01,P02,NA,845.6915296445969,115.23870509760526,0.06050257422432066,91560.03390794007
2025-12-01,P02,EU,1477.8613878531696,119.96118369568923,0.03092801440136738,171802.89741978643
2025-12-01,P02,APAC,747.234371758446,123.08634275923653,0.015716252579139937,90528.85395114681
2025-12-01,P02,OTHER,565.9316048628654,119.54092237138137,0.07100404992052882,62848.421050101926
2025-12-01,P03,NA,586.8908057980437,191.89543240845924,0.01311313383162252,111144.84199026747
2025-12-01,P03,EU,673.3721004597332,197.72236077498283,0.03227115493459613,128844.11653505567
2025-12-01,P03,APAC,1539.319657849403,196.35211402932177,0.06755941995989397,281828.92422530387
2025-12-01,P03,OTHER,1013.1157131932301,201.19300395464222,0.09155536409863772,185169.8996047382
2025-12-01,P04,NA,1386.2251915975453,308.49517365389687,0.08529079618676072,391169.70262197504
2025-12-01,P04,EU,716.6151366549346,310.18590821900443,0.07016158210398131,206688.12571332994
2025-12-01,P04,APAC,1454.2381511998415,297.1214930571919,0.06576438126180648,403669.58105531393
2025-12-01,P04,OTHER,820.0194398742303,300.5894902958628,0.046438569430130014,235042.61845398194
2026-01-01,P01,NA,1201.4793973031954,95.55753340168481,0.0664802504837996,107177.78298123265
2026-01-01,P01,EU,564.5555016735643,100.11639368331966,0.07523709548084927,52268.76536148981
2026-01-01,P01,APAC,783.1532205714544,102.83013072103545,0.013114042124226448,79475.65130975023
2026-01-01,P01,OTHER,813.8715476061702,102.69460838936295,0.035602485103169566,80604.55632815162
2026-01-01,P02,NA,1316.0146852190908,119.94888633198761,0.06566137176019979,147489.55315001277
2026-01-01,P02,EU,1537.887286697098,122.92145721515193,0.06016563819915854,177665.67339776215
2026-01-01,P02,APAC,1081.0372875655812,121.5091460051306,0.01171784297937925,129816.70959480925
2026-01-01,P02,OTHER,594.7187214805043,120.16037373785244,0.05761662325344159,67344.24638401177
2026-01-01,P03,NA,1243.9587899117437,196.52930719427167,0.04986794608057594,232282.92499892626
2026-01-01,P03,EU,847.1522746740981,198.07185009238418,0.05527107160070973,158522.69733880364
2026-01-01,P03,APAC,762.4561823533228,191.20092146152268,0.07503592931670912,134843.41243267825
2026-01-01,P03,OTHER,1935.715780115483,194.49932223137847,0.05794675817918734,354678.71894468326
2026-01-01,P04,NA,1195.8960553359664,294.77840961315076,0.06447934856746895,329793.79763422284
2026-01-01,P04,EU,1665.9147768247278,294.7598967301138,0.058213591945985306,462459.38202966965
2026-01-01,P04,APAC,1788.354415892443,303.37515505066375,0.05545161174712232,512457.45333034813
2026-01-01,P04,OTHER,993.5429501583512,302.733937784946,0.04547969804598046,287099.8238452566
2026-02-01,P01,NA,503.2601454587386,97.43647468055524,0.04924377307285721,46621.181963444265
2026-02-01,P01,EU,1144.3952956247847,101.60053414832188,0.0492336759427684,110546.71604396138
2026-02-01,P01,APAC,557.0012350682103,102.18264150023187,0.04930377323562884,54109.69098557453
2026-02-01,P01,OTHER,1519.3166746629588,96.54512742159092,0.049362450121144846,139442.0083394828
2026-02-01,P02,NA,831.9141309704534,118.60269550542577,0.10749213100052862,88061.3045008224
2026-02-01,P02,EU,842.1339943024428,116.616140929483,0.05013197319234643,93283.13511872553
2026-02-01,P02,APAC,1186.8376398713453,120.71047835036408,0.09805814924548335,129215.56210990314
2026-02-01,P02,OTHER,1145.3477628309413,123.07476507937619,0.05672092999946007,132967.8313124888
2026-02-01,P03,NA,1396.630461780407,203.2049535969749,0.05773663180542205,267416.44342432555
2026-02-01,P03,EU,1848.5474788026168,197.08159821596908,0.049431477377689485,346306.078069252
2026-02-01,P03,APAC,688.5497088002612,205.23657643036879,0.032046276737631926,136786.9465940842
2026-02-01,P03,OTHER,687.5224026397694,205.6367738082121,0.0619520798499088,132621.11063962177
2026-02-01,P04,NA,1586.4170973249268,300.5495648593927,0.060750464646791964,447831.3309209205
2026-02-01,P04,EU,1709.532282986546,298.39218667721167,0.031160425287199738,494215.7980401668
2026-02-01,P04,APAC,1186.6052644098484,289.7374927683666,0.056208889769214426,324479.191154404
2026-02-01,P04,OTHER,1607.6343428599132,297.08525114199887,0.08954787329949337,434835.98949391895
2026-03-01,P01,NA,1570.9634345488814,101.67807002903425,0.044506962874758735,152623.32032356673
2026-03-01,P01,EU,654.8129857626387,98.77063145067466,0.0778571163264591,59640.78248938325
2026-03-01,P01,APAC,1436.8421959219238,98.35907276612973,0.04868722503289922,134445.67264391133
2026-03-01,P01,OTHER,972.9006634243808,104.27485988503018,0.1053528840779851,90761.12715757855
2026-03-01,P02,NA,1407.3331970347065,116.4713990500697,0.04444788144503466,156628.43339824167
2026-03-01,P02,EU,1389.3876549006895,116.84433818130476,0.0571143124295949,153070.02467863358
2026-03-01,P02,APAC,688.2802271202471,117.24673938774745,0.11619137940192784,71322.12932259763
2026-03-01,P02,OTHER,848.048206919637,118.64584664710682,0.06144035283834104,94435.42910300221
2026-03-01,P03,NA,1313.4964172637783,205.5975034040146,0.06593831741472225,252244.83704752717
2026-03-01,P03,EU,1233.692522169279,194.39284476991372,0.08924710526946722,218417.66901621394
2026-03-01,P03,APAC,638.1512366833325,187.8181216837634,0.04033168042681938,115022.357948234
2026-03-01,P03,OTHER,1309.4782980997795,205.54584905746066,0.02815973995517089,261578.41414481582
2026-03-01,P04,NA,833.979148869389,287.56248325813317,0.05984190969253527,225469.761526135
2026-03-01,P04,EU,1114.590862154863,286.108786084491,0.053486037798525427,301837.84925507015
2026-03-01,P04,APAC,1315.1661097843935,295.77396430931196,0.05113975693517065,369098.9431064464
2026-03-01,P04,OTHER,1443.0290952284656,297.71679927857497,0.05180702143263996,407356.9816103311
2026-04-01,P01,NA,1421.377282211891,101.19258781806614,0.05998873805754082,135204.49456289035
2026-04-01,P01,EU,1843.334446421763,95.11796117487938,0.02052332260282072,171735.77366352707
2026-04-01,P01,APAC,942.3943636851448,100.42544235797983,0.05075745849655108,89836.66615329406
2026-04-01,P01,OTHER,2043.1797109605077,101.2099557348788,0.054783430831908335,195461.45542496932
2026-04-01,P02,NA,1828.0483817377672,120.16522790435127,0.0728911682396796,203656.0041704914
2026-04-01,P02,EU,1778.406360539438,122.58158912388433,0.09117632495598171,198123.45008584554
2026-04-01,P02,APAC,1896.8771566563119,122.24181615343036,0.061148201428763156,217698.8038142754
2026-04-01,P02,OTHER,1015.1134906688425,121.7359849014455,0.061759257926620036,115943.88836184955
2026-04-01,P03,NA,1411.6278011590045,207.39139467858027,0.04198615632574647,280467.6140611252
2026-04-01,P03,EU,1004.9324493449087,204.39477013850444,0.03005253659810926,199230.05770736854
2026-04-01,P03,APAC,1023.9499546966111,200.16347612626637,0.037633883655869116,197244.04003108767
2026-04-01,P03,OTHER,592.3103899620843,196.79228639608576,0.0646256404548673,109029.21450419084
2026-04-01,P04,NA,963.4920425641712,303.5634605051101,0.046161326076507796,278979.66878512816
2026-04-01,P04,EU,606.2270515171306,302.9503265269057,0.03206075884497737,177768.51057600413
2026-04-01,P04,APAC,1088.570529810572,310.5938480247076,0.0804819767968205,310892.08697394375
2026-04-01,P04,OTHER,1810.7687760917663,298.43225807979434,0.07357047902800055,500634.93003846647
2026-05-01,P01,NA,1316.8266349953685,102.17983591629863,0.048763869129488206,127991.79829642805
2026-05-01,P01,EU,1557.9924870806417,97.33881813468457,0.02343209377116995,148099.59658562863
2026-05-01,P01,APAC,1055.3684145967898,103.56332235867576,0.027478310227469667,106294.14983356145
2026-05-01,P01,OTHER,649.6036502561251,98.85797504815334,0.062028948613000984,60235.09532187443
2026-05-01,P02,NA,1163.455247190619,113.50339663777991,0.06399270035823029,123605.49452147035
2026-05-01,P02,EU,1715.429025570158,123.07353802628008,0.04433640276569664,201763.44428546392
2026-05-01,P02,APAC,1195.7485801407163,119.20075939777448,0.04836812131436789,135640.03028459
2026-05-01,P02,OTHER,1198.6942311768141,118.65008885440605,0.03848528082709535,136751.60115938704
2026-05-01,P03,NA,1938.4840817487625,203.0146847187761,0.0573994787700302,370951.70164269133
2026-05-01,P03,EU,1693.6010125845742,200.16185050363515,0.06294644660972941,317655.82528877904
2026-05-01,P03,APAC,1932.4914097468165,196.09783272677774,0.07019641415552236,352355.92821622896
2026-05-01,P03,OTHER,530.6896521555242,205.9515285175506,0.0,109296.34502987744
2026-05-01,P04,NA,1183.2256741171993,297.6203495606067,0.030676280350609157,341349.3240734233
2026-05-01,P04,EU,678.286714316982,285.5887160208852,0.08257982201924034,177714.40930364715
2026-05-01,P04,APAC,1154.3860896310396,295.62663695772983,0.03965551317796717,327734.1484111374
2026-05-01,P04,OTHER,1093.595406568271,287.10629149592967,0.051928157629613315,297673.8161873098
2026-06-01,P01,NA,1933.6132461982018,96.62475220468394,0.09208458209370027,169630.28701534125
2026-06-01,P01,EU,1044.0823671786811,98.30681453997681,0.04396762318463099,98127.55669242491
2026-06-01,P01,APAC,1782.9453761433222,96.9302111232704,0.016392675825236222,169988.26864764243
2026-06-01,P01,OTHER,645.3351186962601,98.11959782983119,0.04181794222793288,60672.109277031144
2026-06-01,P02,NA,690.3168522803048,116.76821862505093,0.06490742017990664,75375.07222228618
2026-06-01,P02,EU,934.8056628405483,120.64590788982454,0.03950942174173987,108324.58642860023
2026-06-01,P02,APAC,1042.443474791151,119.14090159240448,0.048278967200488826,118201.52091209435
2026-06-01,P02,OTHER,1650.6760476462725,119.18731911878719,0.055277398164440286,185864.39672709024
2026-06-01,P03,NA,1491.7358293859581,201.1919418741871,0.05822772109493665,282649.62019176775
2026-06-01,P03,EU,1169.689364184278,198.82082878092908,0.05386605424348125,220031.594166766
2026-06-01,P03,APAC,620.6665040033295,193.29821895989397,0.07539713786110709,110928.05394707582
2026-06-01,P03,OTHER,675.6119440053012,207.87541413804368,0.06977337048934615,130643.9233246371
2026-06-01,P04,NA,1017.3833310416561,300.23285400366416,0.05495874369193287,288664.6483519308
2026-06-01,P04,EU,1299.4326147854074,301.4878587046983,0.04465565862938719,374268.7147796645
2026-06-01,P04,APAC,1000.6458462967959,302.93043769566674,0.0709064652393412,281632.48504478426
2026-06-01,P04,OTHER,581.9642939443273,300.65900727810543,0.06784021874731513,163102.6133944503
2026-07-01,P01,NA,1515.4528171641946,98.67294542967588,0.10428305231583823,133940.31104418263
2026-07-01,P01,EU,579.8925388122364,101.08502455862526,0.0650370883059001,54806.07811886893
2026-07-01,P01,APAC,1000.3001087453017,99.76451356162292,0.03778137809568559,96024.08177508025
2026-07-01,P01,OTHER,1655.3450915254703,96.83864502013022,0.09554365680515448,144985.5960783881
2026-07-01,P02,NA,1116.6563358173394,121.23941142393518,0.06318595567659281,126828.46803935072
2026-07-01,P02,EU,1109.5130654862648,121.74555131792124,0.0695320593464796,125686.00888096819
2026-07-01,P02,APAC,1098.4791472042032,120.38978956249822,0.05860402428475724,124495.54471693558
2026-07-01,P02,OTHER,1474.5603520255802,121.6954601364293,0.007962233698966217,178018.49919515048
2026-07-01,P03,NA,977.9746529435356,206.54123303439954,0.05013063581692248,191866.0987587996
2026-07-01,P03,EU,870.582265910282,200.5687407674307,0.07473673061840103,161561.68953248116
2026-07-01,P03,APAC,1466.8020492130138,195.03151061446758,0.06589185685116758,267222.7633418635
2026-07-01,P03,OTHER,999.871961996529,209.58222438367704,0.04473121365378679,200181.72297644822
2026-07-01,P04,NA,911.8368452300261,304.9533192491133,0.06995845868538757,258614.48678354855
2026-07-01,P04,EU,1557.5903701543325,305.75150469996794,0.03550590444698919,459326.4236949955
2026-07-01,P04,APAC,774.465961457525,302.7483835992866,0.07166216271315486,217665.81122948878
2026-07-01,P04,OTHER,1531.384914756993,295.4796047772733,0.03814209517802501,435233.97794333013
2026-08-01,P01,NA,1896.6710494615916,100.68215629506443,0.06759375161227966,178053.16530169864
2026-08-01,P01,EU,1233.639175105904,102.41137670559834,0.05935325762609569,118840.07368560211
2026-08-01,P01,APAC,1618.4700371849915,99.14461777316988,0.031861716687962754,155349.97953003267
2026-08-01,P01,OTHER,767.5922476257855,100.1412417299831,0.03427739926582418,74232.81800456098
2026-08-01,P02,NA,955.590937424834,110.31880685026087,0.04169750681040997,101023.9153941727
2026-08-01,P02,EU,605.7326038509758,116.53897525080072,0.0631689610099947,66132.26793841837
2026-08-01,P02,APAC,1796.5627575731223,119.7141426389582,0.05064047373351415,204182.5224802629
2026-08-01,P02,OTHER,897.0909089067991,120.58531191942865,0.07258808012204401,100323.69985384747
2026-08-01,P03,NA,1676.0726441763916,200.4729626647885,0.07569377432263373,310573.5917716776
2026-08-01,P03,EU,823.2047230557554,190.95927976564627,0.09086985712029107,142913.96841811383
2026-08-01,P03,APAC,1292.8312340427356,196.43090251390646,0.07543748584739657,234794.5052350061
2026-08-01,P03,OTHER,1396.914543307137,207.00440930156483,0.03905425707232379,277874.2491763317
2026-08-01,P04,NA,609.795621363155,302.92841199040413,0.06992686068681463,171807.22049011552
2026-08-01,P04,EU,1051.7575207613368,303.67037954203806,0.054815814813698335,301880.1136780442
2026-08-01,P04,APAC,1587.6839912365733,301.61323601864274,0.07545079615165522,442735.647215739
2026-08-01,P04,OTHER,891.4628463688745,293.9315551129422,0.06135342516125419,245952.68038928584
2026-09-01,P01,NA,1086.0110748616655,105.516313267851,0.04952454442917529,108916.77389807963
2026-09-01,P01,EU,1118.1127603003415,100.24500478524845,0.1067569023834433,100119.34822262409
2026-09-01,P01,APAC,1442.3320149379772,98.00298563776755,0.05296950529713414,133865.45353935065
2026-09-01,P01,OTHER,1158.3155293020968,100.79773708505893,0.08518229698669472,106810.07533730572
2026-09-01,P02,NA,768.4875958846295,124.4861452655597,0.06788475298884061,89171.7917456527
2026-09-01,P02,EU,1282.0440892797192,117.17196025640598,0.07873138711713576,138392.6200939788
2026-09-01,P02,APAC,551.2430484608288,119.8094739766852,0.07462984815881869,61115.27555408943
2026-09-01,P02,OTHER,569.652460027129,120.67289192154479,0.07201918569399794,63790.89498480432
2026-09-01,P03,NA,814.8918601366456,203.38742421045697,0.04512278145808731,158260.16275713593
2026-09-01,P03,EU,617.3942179483603,206.50579174326015,0.07266843082054698,118230.58519637483
2026-09-01,P03,APAC,1699.686944948894,214.06324624119364,0.025815477921796885,354447.7885048918
2026-09-01,P03,OTHER,1552.1747546342654,195.74590188808654,0.03844833504792575,292150.0185731282
2026-09-01,P04,NA,898.1618000011734,302.51281775653064,0.06103396642857229,255122.19518353976
2026-09-01,P04,EU,1358.863833168624,304.5225514007001,0.05253182126352235,392066.7679169895
2026-09-01,P04,APAC,887.8608864740825,286.03136435531405,0.03995248508467565,243809.88498798542
2026-09-01,P04,OTHER,1372.4375649584033,299.0864608196,0.05063148604201084,389694.40849129466
2026-10-01,P01,NA,930.2024701321235,101.81524590361583,0.04137853024115794,90789.88257160659
2026-10-01,P01,EU,982.8599937722479,100.43251784913056,0.022873768657710854,96453.20891390997
2026-10-01,P01,APAC,773.8809197432099,99.46212708557218,0.043732191753066474,73605.69501767363
2026-10-01,P01,OTHER,1086.893804647462,100.22700005902512,0.07209583165101136,101082.26630529383
2026-10-01,P02,NA,1587.0458315478568,115.27403523962599,0.06875311347068612,170367.12659180156
2026-10-01,P02,EU,516.4140415131891,122.37118043089852,0.07959170682311946,58164.46194195962
2026-10-01,P02,APAC,1115.794157824263,117.40075158402168,0.06027796418665022,123098.95643828144
2026-10-01,P02,OTHER,1350.8215498447832,118.0522112411696,0.030288759935378568,154637.39900625154
2026-10-01,P03,NA,1156.336778372122,200.42996740373812,0.04411912916602293,221539.29299710869
2026-10-01,P03,EU,1520.4665820018595,200.75460763403248,0.07158563942641866,283389.82339989766
2026-10-01,P03,APAC,1513.7462942871887,202.42540883532064,0.03844877342265349,294639.21194734453
2026-10-01,P03,OTHER,947.6659549868341,195.3826011003335,0.03912111857062715,177913.8731240523
2026-10-01,P04,NA,1513.845577767159,293.23120120167533,0.053900535625737996,419979.9452214086
2026-10-01,P04,EU,1544.1278148013555,289.54745636725374,0.07885187241799585,411843.74446350214
2026-10-01,P04,APAC,787.3077895726168,288.1337473790481,0.045107532871228734,216617.30245572128
2026-10-01,P04,OTHER,498.3882353089045,292.22563518847755,0.05830960236977053,137149.50210067307
2026-11-01,P01,NA,887.9908648748387,102.58446541984725,0.03635098855587125,87782.70874130525
2026-11-01,P01,EU,1211.0199638709068,102.71146597865962,0.0710184876178708,115551.95608137971
2026-11-01,P01,APAC,1590.654312285518,100.3455128233832,0.05610040227760426,150660.55570850128
2026-11-01,P01,OTHER,933.6198333095743,101.5211293410742,0.055714501148910696,89501.40021308763
2026-11-01,P02,NA,1036.7072096903266,117.8175260167447,0.038191054948990444,117477.5361739413
2026-11-01,P02,EU,1005.2510503922582,120.38060092888752,0.0,121012.72553061543
2026-11-01,P02,APAC,799.4642829996999,118.36038662091487,0.02031713553742008,92702.39467391752
2026-11-01,P02,OTHER,1168.5863218011225,123.31482146687318,0.0655391735043873,134659.55568880425
2026-11-01,P03,NA,1005.1107531697096,203.48744155960497,0.10554860897112196,182939.83142859978
2026-11-01,P03,EU,1043.0324564067532,202.2333075763945,0.08282961536206435,193464.16381002686
2026-11-01,P03,APAC,1311.5925507660443,205.82472222594066,0.07855484799102411,248751.64923546524
2026-11-01,P03,OTHER,1441.0798879197114,197.46299711799787,0.05387761903080092,269228.54097525537
2026-11-01,P04,NA,504.9770174166144,279.27993370744696,0.051306010525537314,133794.2639540656
2026-11-01,P04,EU,952.0524791898476,314.5153588764683,0.06026751625431725,281388.9157682994
2026-11-01,P04,APAC,1688.1646385033998,306.1980548241994,0.06558483107867125,483011.09454950405
2026-11-01,P04,OTHER,1046.7837951397562,303.7209053106659,0.06732665867300087,296524.94912371296
2026-12-01,P01,NA,828.268575648483,105.5859656154942,0.054592061158091156,82679.26848937717
2026-12-01,P01,EU,1236.9081141044635,102.8506332023607,0.0602343283543873,119553.96528450299
2026-12-01,P01,APAC,964.5839413816769,94.45131435344237,0.08939874461882462,82961.43927730364
2026-12-01,P01,OTHER,685.770732816608,97.74472215454738,0.02894985053399891,65089.94766065749
2026-12-01,P02,NA,666.602817593744,115.17088570488147,0.061693225614655275,72036.84828943702
2026-12-01,P02,EU,1797.7314343442463,123.14849581758995,0.0768787378310671,204367.8980072836
2026-12-01,P02,APAC,1205.0801312757615,113.83571607697412,0.056228277339879805,129467.69938195933
2026-12-01,P02,OTHER,1151.6442106930165,119.470902148532,0.046164605139953734,131236.2783690502
2026-12-01,P03,NA,663.1985156731281,203.2577031032198,0.07243202626241943,125036.35486378506
2026-12-01,P03,EU,1436.665290222966,194.0740770973384,0.016271160424988648,274282.77364155283
2026-12-01,P03,APAC,1196.5517235166635,206.0463228421269,0.09142671632164735,224004.27538258626
2026-12-01,P03,OTHER,1251.3035607139589,198.23867482525114,0.06960668591762759,230790.35071925947
2026-12-01,P04,NA,1184.5338195103689,308.3954787149878,0.052244240889014186,346219.7984699839
2026-12-01,P04,EU,590.7837106272415,291.7450405182423,0.055231272980393945,162838.65382808822
2026-12-01,P04,APAC,1572.282172136153,297.33977022780243,0.011215007228547687,462258.9812648584
2026-12-01,P04,OTHER,541.9151954975705,300.31973268328306,0.05826590598315753,153265.17708235496
